,log_dir,frame_per_second,episode_reward,total_steps,total_episodes,total_time,target_q,actor_loss,critic_loss,success_rate,current_q1,current_q2,reward
0,MetaDrive-Tut-20Env-v0,914,11.36575172224136,2001,2,2.1884686946868896,,,,0.0,,,
1,MetaDrive-Tut-20Env-v0,812,11.391601403638603,3002,3,3.6960928440093994,,,,0.0,,,
2,MetaDrive-Tut-20Env-v0,815,8.815478061060602,4257,5,5.223114490509033,,,,0.0,,,
3,MetaDrive-Tut-20Env-v0,777,9.307930838006113,5258,6,6.766663312911987,,,,0.0,,,
4,MetaDrive-Tut-20Env-v0,780,9.741130869121728,6259,7,8.016199588775635,,,,0.0,,,
5,MetaDrive-Tut-20Env-v0,792,10.069026807613184,7260,8,9.162299871444702,,,,0.0,,,
6,MetaDrive-Tut-20Env-v0,796,10.056133837915445,8261,9,10.373180150985718,,,,0.0,,,
7,MetaDrive-Tut-20Env-v0,809,10.237068382478316,9262,10,11.44197416305542,,,,0.0,,,
8,MetaDrive-Tut-20Env-v0,793,10.572154889195927,10054,11,12.678324699401855,0.014887629076838493,,0.0014887327561154962,0.0,0.01584535464644432,0.020148171111941338,0.013326112180948257
9,MetaDrive-Tut-20Env-v0,577,0.32144255651349984,11007,58,19.060791730880737,0.05282130837440491,-0.05357703939080238,0.1990412473678589,0.0,0.05027548223733902,0.0539962574839592,-0.0014616930857300758
10,MetaDrive-Tut-20Env-v0,503,-0.3423534532582158,12017,74,23.85301113128662,0.040194910019636154,-0.059955619275569916,0.39510852098464966,0.0,0.04701239615678787,0.04811915382742882,-0.016511015594005585
11,MetaDrive-Tut-20Env-v0,443,-1.0832121329638054,13042,105,29.396142959594727,0.09754457324743271,,0.021446825936436653,0.0,0.07389377057552338,0.07731030136346817,0.0330740325152874
12,MetaDrive-Tut-20Env-v0,401,0.9923089447601358,14008,128,34.877294063568115,0.12623243033885956,,0.20541918277740479,0.0,0.10187240689992905,0.1079113781452179,0.03704394772648811
13,MetaDrive-Tut-20Env-v0,371,4.715941891574707,15008,158,40.43936634063721,0.29409098625183105,,0.7045258283615112,0.0,0.31210604310035706,0.3378887474536896,0.00991644524037838
14,MetaDrive-Tut-20Env-v0,348,10.903239155532496,16027,180,45.944910526275635,0.583926796913147,-0.6941187381744385,0.4275062084197998,0.0,0.5974776744842529,0.6178073287010193,0.08331247419118881
15,MetaDrive-Tut-20Env-v0,331,15.948152343813149,17049,205,51.44172406196594,1.0439366102218628,-1.2309889793395996,0.8084940314292908,0.0,1.0407311916351318,1.1048940420150757,0.0858713686466217
16,MetaDrive-Tut-20Env-v0,319,18.906268138287768,18028,225,56.44950842857361,1.6530637741088867,,0.6899937391281128,0.0,1.707179307937622,1.7030081748962402,0.11709925532341003
17,MetaDrive-Tut-20Env-v0,307,22.790641122090122,19056,244,61.95595383644104,2.263192653656006,,0.6387712955474854,0.0,2.2477364540100098,2.2558555603027344,0.1672767847776413
18,MetaDrive-Tut-20Env-v0,298,29.402828851547206,20061,259,67.15209722518921,3.1652655601501465,-3.2728772163391113,0.8439446687698364,0.0,3.05737566947937,3.0520071983337402,0.2343442589044571
19,MetaDrive-Tut-20Env-v0,291,33.991946694338736,21002,272,72.13787508010864,3.8068532943725586,,2.123882293701172,0.0,3.704869270324707,3.649905204772949,0.15885141491889954
20,MetaDrive-Tut-20Env-v0,285,38.29778102329629,22031,287,77.29862475395203,4.730929374694824,-4.88033390045166,1.7205923795700073,0.0,4.5835466384887695,4.591468811035156,0.2233692705631256
21,MetaDrive-Tut-20Env-v0,279,44.98707168953507,23051,301,82.49372816085815,6.052191734313965,-6.348632335662842,6.866804122924805,0.0,6.174489498138428,6.218958377838135,0.27169132232666016
22,MetaDrive-Tut-20Env-v0,275,50.88532085100942,24023,313,87.259920835495,6.653298854827881,-6.895543098449707,5.561201095581055,0.0,6.75003719329834,6.850658416748047,0.23668697476387024
23,MetaDrive-Tut-20Env-v0,270,58.88498914309854,25035,323,92.39511322975159,7.5304765701293945,-7.914859771728516,3.1950178146362305,0.01,7.505399227142334,7.409971714019775,0.2759048044681549
24,MetaDrive-Tut-20Env-v0,266,65.66369700313889,26004,333,97.46797466278076,9.01607894897461,,3.659093141555786,0.01,9.222959518432617,8.970771789550781,0.36874887347221375
25,MetaDrive-Tut-20Env-v0,261,71.67841670037495,27075,345,103.47838926315308,10.053354263305664,-10.522102355957031,1.8180999755859375,0.01,10.026017189025879,9.934210777282715,0.40168261528015137
26,MetaDrive-Tut-20Env-v0,257,76.38567907457663,28017,354,108.6586799621582,11.544723510742188,-11.995269775390625,6.6514892578125,0.01,11.526904106140137,11.429076194763184,0.513191282749176
27,MetaDrive-Tut-20Env-v0,254,80.1190321414635,29083,366,114.27374196052551,11.774406433105469,-12.195444107055664,9.390342712402344,0.01,11.97225284576416,12.05827522277832,0.3374421000480652
28,MetaDrive-Tut-20Env-v0,251,84.38798468769124,30044,375,119.50713062286377,13.701238632202148,,7.741257667541504,0.01,13.629399299621582,13.70162296295166,0.4697858691215515
29,MetaDrive-Tut-20Env-v0,248,89.42221853675557,31075,385,125.12905621528625,14.570645332336426,-15.542438507080078,13.031241416931152,0.01,15.32778549194336,15.410573959350586,0.3912074565887451
30,MetaDrive-Tut-20Env-v0,245,93.01672617388861,32027,395,130.4445197582245,16.022258758544922,-16.483104705810547,5.289602756500244,0.01,16.07333755493164,16.077741622924805,0.4912121295928955
31,MetaDrive-Tut-20Env-v0,242,95.66059628407602,33079,406,136.33192920684814,16.27676010131836,-16.877952575683594,4.668774604797363,0.01,16.353477478027344,16.491586685180664,0.4507870674133301
32,MetaDrive-Tut-20Env-v0,240,96.22948080809601,34027,416,141.52361464500427,18.02753257751465,-18.991239547729492,5.809593200683594,0.0,18.468860626220703,18.520816802978516,0.5091973543167114
33,MetaDrive-Tut-20Env-v0,238,96.27087153017972,35014,427,147.00429582595825,17.993751525878906,,7.142077445983887,0.0,18.199398040771484,18.182653427124023,0.392865389585495
34,MetaDrive-Tut-20Env-v0,234,98.39727277583215,36111,435,153.8872139453888,19.556732177734375,-20.25084114074707,8.960843086242676,0.01,19.50197982788086,19.609962463378906,0.400905042886734
35,MetaDrive-Tut-20Env-v0,232,104.20653996242532,37342,441,160.95451855659485,21.87612533569336,,2.980994701385498,0.03,21.325027465820312,21.38170623779297,0.5695925951004028
36,MetaDrive-Tut-20Env-v0,230,109.30432167530708,38312,444,166.47740650177002,22.842723846435547,,6.366299629211426,0.05,22.755207061767578,22.715099334716797,0.5102158784866333
37,MetaDrive-Tut-20Env-v0,229,111.77595997652719,39093,448,170.42948627471924,23.24472427368164,-23.65520477294922,21.71971893310547,0.06,23.46977996826172,23.504663467407227,0.5259970426559448
38,MetaDrive-Tut-20Env-v0,227,118.64459633781298,40117,451,176.10432171821594,24.092918395996094,-25.328678131103516,13.587454795837402,0.09,24.45111083984375,24.368118286132812,0.49290090799331665
39,MetaDrive-Tut-20Env-v0,225,126.68962074940505,41411,454,183.7663857936859,25.521102905273438,-25.931907653808594,4.542485237121582,0.12,25.1430606842041,24.980993270874023,0.6056317090988159
40,MetaDrive-Tut-20Env-v0,223,131.99241489270864,42167,457,188.41676354408264,26.91693115234375,-27.408702850341797,9.567930221557617,0.13,26.721168518066406,26.70484161376953,0.5864447951316833
41,MetaDrive-Tut-20Env-v0,222,138.38036771007566,43087,459,193.9366374015808,26.482421875,-27.155376434326172,4.001546859741211,0.15,26.484451293945312,26.311279296875,0.5667203664779663
42,MetaDrive-Tut-20Env-v0,219,146.78538793615408,44352,462,201.75591731071472,27.535062789916992,,9.618895530700684,0.18,27.79798126220703,27.49922752380371,0.54046231508255
43,MetaDrive-Tut-20Env-v0,218,150.97361023905177,45078,464,206.0218756198883,27.096704483032227,,3.6637439727783203,0.2,26.838626861572266,26.68899154663086,0.6500633955001831
44,MetaDrive-Tut-20Env-v0,217,155.774241192011,46227,469,212.65761804580688,29.42307472229004,-30.066505432128906,5.861995697021484,0.22,29.246475219726562,29.69915771484375,0.6623685359954834
45,MetaDrive-Tut-20Env-v0,214,163.63354355761237,47416,472,220.691392660141,29.985301971435547,,14.615449905395508,0.24,30.488296508789062,30.524803161621094,0.6437855958938599
46,MetaDrive-Tut-20Env-v0,214,166.69172873630276,48069,474,224.52170610427856,29.748615264892578,-30.762968063354492,19.414785385131836,0.26,30.469074249267578,30.344844818115234,0.6374252438545227
47,MetaDrive-Tut-20Env-v0,212,173.92777127474855,49125,477,231.1329002380371,31.387130737304688,-32.174625396728516,4.237491607666016,0.28,30.9887638092041,30.981952667236328,0.635540246963501
48,MetaDrive-Tut-20Env-v0,211,179.59625624174433,50139,480,237.06607174873352,31.12371253967285,-31.198699951171875,7.152092456817627,0.3,30.806259155273438,31.01343536376953,0.6278049945831299
49,MetaDrive-Tut-20Env-v0,210,184.01661119760632,51047,484,242.18589282035828,33.41102981567383,-34.42230224609375,5.551321029663086,0.32,33.35231018066406,33.27771759033203,0.672644317150116
50,MetaDrive-Tut-20Env-v0,209,192.56252686413328,52261,487,249.320871591568,33.21746063232422,-34.06336212158203,14.52674674987793,0.35,33.36070251464844,33.65583038330078,0.6119875907897949
51,MetaDrive-Tut-20Env-v0,209,196.70383070223983,53031,491,253.59142875671387,33.74757766723633,-34.87905502319336,5.121547698974609,0.37,33.91807556152344,34.00640106201172,0.5916820168495178
52,MetaDrive-Tut-20Env-v0,208,201.91192435491377,54042,495,259.51274490356445,34.95619583129883,,13.761512756347656,0.39,34.611167907714844,34.44477844238281,0.6412826776504517
53,MetaDrive-Tut-20Env-v0,206,211.64463888515806,55400,498,267.87921237945557,35.131927490234375,,21.30909538269043,0.42,35.435882568359375,35.554840087890625,0.6467682123184204
54,MetaDrive-Tut-20Env-v0,206,216.73509382399232,56279,501,272.92354941368103,34.708412170410156,-35.30476379394531,7.946141242980957,0.44,34.634239196777344,34.604454040527344,0.6104352474212646
55,MetaDrive-Tut-20Env-v0,205,223.45672836395755,57441,504,280.0443203449249,36.50817108154297,-37.55387878417969,4.9703450202941895,0.46,36.151329040527344,35.86936950683594,0.7143042087554932
56,MetaDrive-Tut-20Env-v0,204,228.9466897531289,58422,507,285.8733961582184,35.93202209472656,,20.181795120239258,0.48,36.13831329345703,36.24292755126953,0.6432216763496399
57,MetaDrive-Tut-20Env-v0,204,231.20065307901947,59830,510,293.02175974845886,37.55012512207031,,11.92760181427002,0.48,36.96413040161133,37.08378601074219,0.5726262331008911
58,MetaDrive-Tut-20Env-v0,203,233.47405084783676,60285,511,295.8433425426483,38.10459518432617,-38.71061706542969,34.80769348144531,0.49,38.43042755126953,38.344024658203125,0.6924625039100647
59,MetaDrive-Tut-20Env-v0,203,238.54629563393996,61105,514,300.64037346839905,38.84394073486328,-38.946163177490234,9.71136474609375,0.51,38.05622863769531,38.21369934082031,0.6762545704841614
60,MetaDrive-Tut-20Env-v0,202,245.86600371284888,62277,518,307.13186836242676,38.460960388183594,-39.83086395263672,29.89423370361328,0.54,38.8551025390625,38.58823013305664,0.6243362426757812
61,MetaDrive-Tut-20Env-v0,202,252.7414669877066,63148,520,312.096036195755,40.314056396484375,,21.515336990356445,0.56,41.28605651855469,40.766944885253906,0.6450292468070984
62,MetaDrive-Tut-20Env-v0,201,259.8832463759181,64335,524,319.78007531166077,38.32716369628906,-39.33511734008789,7.382889747619629,0.58,38.024444580078125,37.80392837524414,0.7401467561721802
63,MetaDrive-Tut-20Env-v0,200,263.299233335926,65072,527,324.2500548362732,38.93817138671875,,13.868165969848633,0.59,38.30618667602539,38.48212432861328,0.6981998682022095
64,MetaDrive-Tut-20Env-v0,200,270.33407984400696,66267,531,331.04778361320496,41.11863327026367,-41.703575134277344,9.85811710357666,0.61,41.3470458984375,41.181785583496094,0.7355984449386597
65,MetaDrive-Tut-20Env-v0,199,273.5262144772706,67053,533,335.6295840740204,39.85292434692383,-40.115055084228516,33.52766418457031,0.62,39.751220703125,39.93852233886719,0.6465429067611694
66,MetaDrive-Tut-20Env-v0,199,276.2649255332345,68097,537,341.64032912254333,41.10639190673828,-41.342018127441406,6.260215759277344,0.65,40.945587158203125,41.04144287109375,0.6880418062210083
67,MetaDrive-Tut-20Env-v0,199,274.8651926885355,69294,542,348.14244627952576,41.26844787597656,,9.28459644317627,0.65,41.62242126464844,41.520973205566406,0.7338653802871704
68,MetaDrive-Tut-20Env-v0,198,276.36454313347184,70514,547,355.89547419548035,41.14604949951172,,9.28511905670166,0.65,41.066139221191406,40.83577346801758,0.7358279228210449
69,MetaDrive-Tut-20Env-v0,197,279.67476404759014,71027,548,359.4928767681122,42.649505615234375,-43.05833435058594,5.913825511932373,0.66,42.192100524902344,42.42473602294922,0.7373613119125366
70,MetaDrive-Tut-20Env-v0,197,280.76221352387034,72256,551,366.6287844181061,42.542144775390625,,11.375587463378906,0.65,42.74702835083008,42.72997283935547,0.672113835811615
71,MetaDrive-Tut-20Env-v0,196,276.13116721356795,73397,555,372.9499976634979,42.192081451416016,-42.66091537475586,10.882284164428711,0.63,41.46159362792969,41.35651779174805,0.6939157247543335
72,MetaDrive-Tut-20Env-v0,196,276.35179275032436,74355,558,378.28961539268494,43.19405746459961,-43.80870056152344,8.911510467529297,0.64,43.56407165527344,43.75458526611328,0.680105447769165
73,MetaDrive-Tut-20Env-v0,196,275.69777859878496,75013,560,381.74111008644104,43.48314666748047,-44.227378845214844,31.041481018066406,0.64,43.83905792236328,44.001312255859375,0.7035151720046997
74,MetaDrive-Tut-20Env-v0,195,272.9570752167147,76369,564,389.7382185459137,42.501556396484375,-43.33000183105469,8.525623321533203,0.63,42.30342483520508,42.43210983276367,0.7045438885688782
75,MetaDrive-Tut-20Env-v0,196,276.0251497266201,77285,567,394.1965937614441,44.02989959716797,-44.75013732910156,8.296453475952148,0.65,43.634586334228516,43.69302749633789,0.6970301866531372
76,MetaDrive-Tut-20Env-v0,195,278.02392834773656,78375,570,400.22596549987793,42.709938049316406,-43.68479919433594,11.443357467651367,0.66,43.38108825683594,43.204261779785156,0.7820532321929932
77,MetaDrive-Tut-20Env-v0,195,276.4106111769449,79273,572,404.9488344192505,43.484397888183594,-43.5709342956543,19.072471618652344,0.66,43.490623474121094,43.73579406738281,0.739040195941925
78,MetaDrive-Tut-20Env-v0,195,278.3525078597841,80134,574,409.55219411849976,43.60698699951172,,10.829803466796875,0.66,42.95557403564453,43.223793029785156,0.7498296499252319
79,MetaDrive-Tut-20Env-v0,195,279.71148175168156,81319,577,415.4669826030731,43.87666320800781,-43.96534729003906,13.72807502746582,0.67,43.357032775878906,43.01190185546875,0.7355307340621948
80,MetaDrive-Tut-20Env-v0,195,281.9589316404779,82273,579,420.6468303203583,43.31947326660156,-43.98031234741211,12.529620170593262,0.68,43.17979049682617,43.298072814941406,0.7831061482429504
81,MetaDrive-Tut-20Env-v0,195,284.0611531177617,83175,582,425.92066526412964,43.366485595703125,-44.40067672729492,23.167043685913086,0.69,44.032928466796875,43.87706756591797,0.7769777774810791
82,MetaDrive-Tut-20Env-v0,195,280.0363759391675,84282,586,431.32655453681946,44.92655563354492,,12.36288070678711,0.67,43.716094970703125,43.6954345703125,0.6657887697219849
83,MetaDrive-Tut-20Env-v0,195,280.8108132449794,85243,589,435.9508435726166,42.98110580444336,-44.453643798828125,28.19573974609375,0.67,43.5800666809082,43.255123138427734,0.7596737146377563
84,MetaDrive-Tut-20Env-v0,195,282.7826003565638,86219,592,440.3717050552368,44.25859069824219,-44.76948928833008,12.775144577026367,0.68,45.06017303466797,45.351219177246094,0.7354599833488464
85,MetaDrive-Tut-20Env-v0,195,280.3581259376974,87182,596,445.2047553062439,45.412811279296875,,13.006135940551758,0.66,45.582679748535156,45.85523223876953,0.7317793369293213
86,MetaDrive-Tut-20Env-v0,195,279.29775885410584,88208,599,450.6318769454956,44.702213287353516,,8.450019836425781,0.66,44.786659240722656,44.5029182434082,0.7925097942352295
87,MetaDrive-Tut-20Env-v0,195,275.8381854714242,89267,603,456.2873384952545,45.93225860595703,-46.92546081542969,13.646682739257812,0.65,46.045387268066406,45.88388442993164,0.6863146424293518
88,MetaDrive-Tut-20Env-v0,195,276.4535985102408,90097,605,460.5994129180908,46.52264404296875,-47.207489013671875,7.07671594619751,0.65,46.82550811767578,46.508934020996094,0.7500460147857666
89,MetaDrive-Tut-20Env-v0,195,276.28396237222756,91024,608,465.2095715999603,46.883033752441406,,11.903751373291016,0.66,47.059844970703125,46.809173583984375,0.7130526900291443
90,MetaDrive-Tut-20Env-v0,195,279.4335615710465,92113,611,470.5615828037262,44.61383819580078,-45.47464370727539,21.34304428100586,0.68,44.86277389526367,44.60524368286133,0.6827117204666138
91,MetaDrive-Tut-20Env-v0,195,278.97604254408543,93147,614,475.5987844467163,45.462440490722656,-45.427764892578125,14.48196029663086,0.68,45.03427505493164,45.49536895751953,0.6983631253242493
92,MetaDrive-Tut-20Env-v0,195,281.4955099954602,94287,617,481.23021841049194,44.11213684082031,-44.94300842285156,32.59916687011719,0.69,45.01694869995117,45.182533264160156,0.6728100180625916
93,MetaDrive-Tut-20Env-v0,196,278.92929724843174,95757,619,487.803941488266,44.462493896484375,-44.79289245605469,18.386577606201172,0.68,44.831722259521484,44.973724365234375,0.7876236438751221
94,MetaDrive-Tut-20Env-v0,196,279.58477917795176,96233,620,490.2764744758606,47.34431076049805,-48.411434173583984,15.460655212402344,0.68,47.89720916748047,47.91651916503906,0.6827365159988403
95,MetaDrive-Tut-20Env-v0,196,280.1285342152154,97234,621,494.5272443294525,47.43518829345703,,13.596510887145996,0.68,47.93467712402344,48.120243072509766,0.7415610551834106
96,MetaDrive-Tut-20Env-v0,196,281.4107393723606,98257,623,499.27156257629395,45.38078308105469,-45.6329231262207,7.771653175354004,0.69,44.53166198730469,44.68598937988281,0.6403125524520874
97,MetaDrive-Tut-20Env-v0,196,281.3102901763487,99100,625,503.7292425632477,46.11912155151367,,33.65447998046875,0.7,46.296287536621094,46.62999725341797,0.5783717632293701
98,MetaDrive-Tut-20Env-v0,196,286.90434503715943,100224,627,510.0661518573761,47.18949508666992,,10.665682792663574,0.71,46.48806381225586,46.0989990234375,0.7186219692230225
99,MetaDrive-Tut-20Env-v0,196,291.2075922673213,101331,629,516.0307068824768,45.4946403503418,-46.1319580078125,47.266693115234375,0.73,46.7906379699707,46.65453338623047,0.7868062257766724
100,MetaDrive-Tut-20Env-v0,196,290.5921988333865,102375,632,521.5606262683868,44.58209991455078,-44.8713264465332,8.110696792602539,0.72,45.238441467285156,45.224037170410156,0.7217984199523926
101,MetaDrive-Tut-20Env-v0,196,291.68989938064567,103139,634,525.3588652610779,46.394317626953125,-47.50078582763672,19.09490966796875,0.72,47.05253982543945,47.18673324584961,0.6879775524139404
102,MetaDrive-Tut-20Env-v0,196,293.2695490376367,104074,637,529.7149896621704,45.69065856933594,,7.906122207641602,0.73,44.87197494506836,44.90858459472656,0.7573696374893188
103,MetaDrive-Tut-20Env-v0,196,298.0562804254861,105075,639,535.5807609558105,47.27902603149414,-47.09553527832031,9.701082229614258,0.74,46.68132019042969,46.40971755981445,0.762587308883667
104,MetaDrive-Tut-20Env-v0,196,300.93546251150946,106270,642,541.6780736446381,46.49241638183594,,18.144357681274414,0.75,45.17896270751953,44.58176803588867,0.7265454530715942
105,MetaDrive-Tut-20Env-v0,196,302.9236141492183,107024,645,545.2403099536896,46.24559783935547,,25.789745330810547,0.76,46.07809829711914,46.265541076660156,0.7076976299285889
106,MetaDrive-Tut-20Env-v0,196,297.5651892731809,108184,649,550.7916374206543,48.09804153442383,,9.734996795654297,0.76,47.3383674621582,47.875328063964844,0.7612649202346802
107,MetaDrive-Tut-20Env-v0,196,298.4813865144126,109002,651,555.0031299591064,48.39691162109375,,11.180119514465332,0.77,48.384849548339844,48.450965881347656,0.7952556610107422
108,MetaDrive-Tut-20Env-v0,196,305.6325408238656,110401,654,562.522173166275,47.19999694824219,-47.10215759277344,28.683025360107422,0.79,46.36333465576172,46.54525375366211,0.7760916948318481
109,MetaDrive-Tut-20Env-v0,195,305.0150895156949,111316,656,567.9390897750854,48.09419631958008,,9.926698684692383,0.79,48.59101867675781,49.245506286621094,0.7301610708236694
110,MetaDrive-Tut-20Env-v0,195,309.3881484125025,112229,658,573.2567095756531,45.90102005004883,-46.14125061035156,15.591711044311523,0.8,46.46947479248047,46.538177490234375,0.8201467990875244
111,MetaDrive-Tut-20Env-v0,195,310.4723855049816,113389,661,579.0719518661499,47.80046463012695,-48.78654479980469,10.614542007446289,0.8,48.186729431152344,47.88677978515625,0.7646366357803345
112,MetaDrive-Tut-20Env-v0,195,312.5301664915961,114387,663,584.4070177078247,48.15180206298828,-48.94212341308594,9.646767616271973,0.81,48.30742263793945,48.1329231262207,0.7408696413040161
113,MetaDrive-Tut-20Env-v0,195,312.4399265948114,115062,665,588.1996765136719,46.95184326171875,,26.464889526367188,0.8,46.64228057861328,46.5418586730957,0.7138628959655762
114,MetaDrive-Tut-20Env-v0,195,312.44317897942136,116141,668,593.6744849681854,48.63363265991211,-49.15980911254883,13.681715965270996,0.8,48.99460983276367,48.75310516357422,0.880683183670044
115,MetaDrive-Tut-20Env-v0,195,310.24308339623605,117284,672,599.3564939498901,49.42742156982422,,14.614341735839844,0.8,49.5963249206543,49.93556594848633,0.7267050743103027
116,MetaDrive-Tut-20Env-v0,195,307.58575704479887,118258,675,603.9954655170441,49.372154235839844,,14.073902130126953,0.8,48.88066864013672,49.12846374511719,0.7110175490379333
117,MetaDrive-Tut-20Env-v0,195,305.9646410588785,119169,678,608.2672288417816,49.21153259277344,-50.28392028808594,9.866711616516113,0.8,49.69334411621094,50.01087951660156,0.7618632316589355
118,MetaDrive-Tut-20Env-v0,195,306.6181434271772,120352,681,614.373167514801,48.768150329589844,,11.963088989257812,0.81,49.755714416503906,49.28288650512695,0.7874273061752319
119,MetaDrive-Tut-20Env-v0,195,309.12577750510394,121429,683,620.2140216827393,50.78221893310547,-50.743282318115234,12.355724334716797,0.81,50.517494201660156,50.853179931640625,0.8320378661155701
120,MetaDrive-Tut-20Env-v0,195,310.00745925230353,122265,686,624.3557250499725,48.80325698852539,-49.05279541015625,13.023916244506836,0.82,49.39820098876953,49.3941650390625,0.8670504093170166
121,MetaDrive-Tut-20Env-v0,195,311.8716809903361,123266,688,629.6488256454468,49.66877365112305,,13.492236137390137,0.82,51.01875305175781,50.739906311035156,0.8471620082855225
122,MetaDrive-Tut-20Env-v0,195,314.89931586644923,124171,690,634.7515120506287,50.61586380004883,-50.702632904052734,15.414859771728516,0.83,50.36821746826172,50.239707946777344,0.7463028430938721
123,MetaDrive-Tut-20Env-v0,195,318.2979097915541,125185,693,639.5279304981232,50.03900146484375,-50.99633026123047,13.869939804077148,0.85,50.15403366088867,50.10237121582031,0.8127020001411438
124,MetaDrive-Tut-20Env-v0,195,319.9682457490041,126331,696,645.0630903244019,52.804962158203125,-53.71167755126953,8.34548568725586,0.87,52.66474151611328,52.344791412353516,0.817926287651062
125,MetaDrive-Tut-20Env-v0,195,322.29857031893954,127084,698,648.849294424057,51.167076110839844,,26.044933319091797,0.88,49.88728713989258,50.107460021972656,0.6930840611457825
126,MetaDrive-Tut-20Env-v0,195,325.79777921528,128094,700,654.1852743625641,51.239749908447266,,14.383556365966797,0.89,50.60895538330078,50.78938293457031,0.7613862752914429
127,MetaDrive-Tut-20Env-v0,195,328.50837390888745,129173,702,660.1281394958496,51.199790954589844,-51.51100540161133,10.875880241394043,0.9,50.17131042480469,50.18290710449219,0.7610859870910645
128,MetaDrive-Tut-20Env-v0,195,329.53258308990263,130111,704,664.9635090827942,50.22467041015625,-50.39093780517578,9.721757888793945,0.9,50.06599426269531,50.321311950683594,0.8021639585494995
129,MetaDrive-Tut-20Env-v0,195,331.8416323616654,131392,707,672.3862850666046,51.91007995605469,,9.019613265991211,0.89,52.09764862060547,52.151756286621094,0.7919515371322632
130,MetaDrive-Tut-20Env-v0,195,328.10011756481236,132040,710,675.704692363739,48.43918991088867,,11.339662551879883,0.88,48.33869934082031,48.40294647216797,0.695574164390564
131,MetaDrive-Tut-20Env-v0,195,332.3738138185896,133136,713,681.3235783576965,50.63861846923828,,10.730000495910645,0.89,50.81788635253906,50.86195755004883,0.7972044944763184
132,MetaDrive-Tut-20Env-v0,195,331.4431062682855,134301,716,687.0087413787842,50.834007263183594,-51.36128234863281,14.043834686279297,0.89,51.65373992919922,51.40532684326172,0.8720759153366089
133,MetaDrive-Tut-20Env-v0,195,330.1948628640688,135243,719,691.6896903514862,49.77082824707031,-49.83934783935547,17.990604400634766,0.89,49.128631591796875,49.251861572265625,0.7365635633468628
134,MetaDrive-Tut-20Env-v0,195,329.1239382175871,136112,722,696.1207554340363,52.80030822753906,,12.339351654052734,0.89,53.08940505981445,53.325294494628906,0.8374526500701904
135,MetaDrive-Tut-20Env-v0,195,330.1943648199381,137040,724,700.6172566413879,51.447723388671875,,10.103469848632812,0.89,51.143951416015625,51.258750915527344,0.7765434980392456
136,MetaDrive-Tut-20Env-v0,195,324.05047659436167,138020,727,705.7866802215576,52.33988952636719,,35.21125793457031,0.88,52.317317962646484,52.03147888183594,0.7908065319061279
137,MetaDrive-Tut-20Env-v0,195,324.9073716674991,139035,729,711.6712985038757,52.0540771484375,-52.3151969909668,13.225564956665039,0.88,52.031002044677734,52.00878143310547,0.6949139833450317
138,MetaDrive-Tut-20Env-v0,195,323.49460927309815,140018,732,716.6963195800781,51.952171325683594,,12.863012313842773,0.88,52.033592224121094,52.00606155395508,0.7933565378189087
139,MetaDrive-Tut-20Env-v0,195,324.459581020964,141297,735,723.1734986305237,51.47710418701172,-51.757545471191406,9.865105628967285,0.88,51.553497314453125,51.62705993652344,0.8220851421356201
140,MetaDrive-Tut-20Env-v0,195,326.04155593915385,142064,737,727.0605022907257,52.319068908691406,,7.842484474182129,0.88,52.481407165527344,51.68543243408203,0.7351576089859009
141,MetaDrive-Tut-20Env-v0,195,322.5703804278096,143205,740,733.5278875827789,51.67405319213867,-52.06889343261719,13.069284439086914,0.87,51.83949279785156,51.61888122558594,0.7697174549102783
142,MetaDrive-Tut-20Env-v0,195,322.29022835166177,144272,743,739.1562430858612,52.523521423339844,,12.7220458984375,0.86,52.78068542480469,52.64238739013672,0.7790157794952393
143,MetaDrive-Tut-20Env-v0,195,327.6770245597378,145427,746,744.9428617954254,52.89300537109375,-53.50739669799805,11.251447677612305,0.88,53.51860046386719,53.545021057128906,0.7216668128967285
144,MetaDrive-Tut-20Env-v0,195,330.41442091809944,146472,748,750.7222154140472,53.52668762207031,,10.256196975708008,0.88,53.59492111206055,53.21426773071289,0.7628650665283203
145,MetaDrive-Tut-20Env-v0,195,329.3932175500575,147115,750,753.74782538414,50.94525146484375,-51.43418884277344,29.60682487487793,0.88,51.46549987792969,51.58502960205078,0.7890802621841431
146,MetaDrive-Tut-20Env-v0,195,328.6369621927251,148351,753,760.5493021011353,53.16184997558594,-52.66410827636719,11.345163345336914,0.88,52.75506591796875,53.56623840332031,0.784184992313385
147,MetaDrive-Tut-20Env-v0,195,328.3160177914326,149191,755,764.548832654953,53.29436111450195,-53.917213439941406,10.98967170715332,0.88,53.04974365234375,52.462371826171875,0.7868920564651489
148,MetaDrive-Tut-20Env-v0,195,323.0758045816431,150066,758,768.6819596290588,52.39405822753906,,9.496971130371094,0.88,52.472991943359375,52.606292724609375,0.7612508535385132
149,MetaDrive-Tut-20Env-v0,195,325.90205923012417,151154,760,774.7856302261353,52.256866455078125,,6.347338676452637,0.88,52.33538818359375,52.62277603149414,0.7849187850952148
150,MetaDrive-Tut-20Env-v0,195,322.22852361098444,152098,763,779.815761089325,53.125457763671875,,21.863483428955078,0.87,52.69969177246094,52.698062896728516,0.7998777031898499
151,MetaDrive-Tut-20Env-v0,195,321.5349674829087,153066,766,784.461462020874,50.99172592163086,,8.177453994750977,0.88,50.85352325439453,50.5250244140625,0.7275183200836182
152,MetaDrive-Tut-20Env-v0,195,322.411195330659,154326,769,790.4043684005737,53.13650131225586,,7.649419784545898,0.88,52.87097930908203,52.842323303222656,0.7266014814376831
153,MetaDrive-Tut-20Env-v0,195,323.6958138935373,155062,771,794.120941400528,54.682037353515625,,10.939793586730957,0.89,54.20811462402344,54.30592346191406,0.8576781749725342
154,MetaDrive-Tut-20Env-v0,195,322.71406726263365,156039,774,799.1363480091095,53.20459747314453,-53.181922912597656,16.914974212646484,0.88,52.01863098144531,52.231475830078125,0.7734177112579346
155,MetaDrive-Tut-20Env-v0,195,323.21255714761014,157105,777,804.8224673271179,50.86922836303711,-51.657081604003906,39.14970397949219,0.87,50.49214172363281,50.46430969238281,0.7635431885719299
156,MetaDrive-Tut-20Env-v0,195,324.3988367777409,158154,779,810.494060754776,52.812923431396484,,10.214167594909668,0.87,52.69727325439453,52.652042388916016,0.7335460782051086
157,MetaDrive-Tut-20Env-v0,195,321.53291138033177,159020,782,814.5354106426239,53.32190704345703,,12.639180183410645,0.86,54.010826110839844,54.170921325683594,0.744728684425354
158,MetaDrive-Tut-20Env-v0,195,319.0059572366149,160039,786,819.3086626529694,53.31777572631836,-53.890411376953125,6.82253885269165,0.86,53.60699462890625,53.342979431152344,0.8163495063781738
159,MetaDrive-Tut-20Env-v0,195,317.55571274049095,161365,789,825.8673195838928,52.662315368652344,-52.767921447753906,23.575944900512695,0.86,52.25568389892578,52.44294738769531,0.8148601055145264
160,MetaDrive-Tut-20Env-v0,195,318.0781160585069,162179,791,830.0599064826965,53.08735656738281,-53.42536926269531,24.055850982666016,0.86,53.59025573730469,53.55292892456055,0.7291604280471802
161,MetaDrive-Tut-20Env-v0,195,320.20910367984357,163142,793,835.1369211673737,53.26398468017578,,42.975948333740234,0.86,52.631385803222656,53.08030319213867,0.7182869911193848
162,MetaDrive-Tut-20Env-v0,195,322.44100054682616,164143,795,840.3731558322906,52.1168098449707,-52.60765075683594,8.978948593139648,0.86,51.78376388549805,51.820335388183594,0.7900283336639404
163,MetaDrive-Tut-20Env-v0,195,320.7209609465906,165127,798,845.1081593036652,53.550209045410156,-53.53825378417969,5.030055999755859,0.86,53.5294189453125,54.00389862060547,0.7595594525337219
164,MetaDrive-Tut-20Env-v0,195,316.192492514927,166200,801,850.3896329402924,53.8913459777832,,10.082477569580078,0.85,53.98622131347656,53.34733581542969,0.812021017074585
165,MetaDrive-Tut-20Env-v0,195,311.86073046295036,167181,804,855.294221162796,53.42277526855469,-54.37061309814453,8.15359878540039,0.84,53.88742446899414,53.62381362915039,0.7389528751373291
166,MetaDrive-Tut-20Env-v0,195,310.57986509215107,168005,806,859.2758069038391,52.85567092895508,-53.34600830078125,11.382370948791504,0.85,53.48016357421875,53.660438537597656,0.7966552376747131
167,MetaDrive-Tut-20Env-v0,195,310.92627835876885,169138,809,865.0583760738373,52.44856262207031,,20.97428321838379,0.85,52.721256256103516,52.75619888305664,0.6930196285247803
168,MetaDrive-Tut-20Env-v0,195,311.22187060502677,170169,812,870.2768726348877,52.37797546386719,-53.22611999511719,15.87222957611084,0.85,52.64269256591797,52.43487548828125,0.7266917824745178
169,MetaDrive-Tut-20Env-v0,195,310.0350894745667,171311,816,876.0051290988922,53.47039031982422,-53.79986572265625,21.04503631591797,0.84,52.468528747558594,52.24714279174805,0.815036952495575
170,MetaDrive-Tut-20Env-v0,195,311.7822401324113,172183,818,880.2705974578857,50.958370208740234,-51.567630767822266,20.82571029663086,0.84,51.1403694152832,51.618988037109375,0.8425819873809814
171,MetaDrive-Tut-20Env-v0,195,312.8676256704811,173210,821,885.7127075195312,52.19135284423828,,10.526397705078125,0.84,52.019996643066406,52.141815185546875,0.7220499515533447
172,MetaDrive-Tut-20Env-v0,195,312.1167027180118,174274,824,891.0156598091125,53.41118621826172,,17.02796173095703,0.84,53.917030334472656,53.88294982910156,0.8120236992835999
173,MetaDrive-Tut-20Env-v0,195,312.2753732169686,175363,827,896.1461737155914,53.449058532714844,-53.88727569580078,14.513971328735352,0.85,53.204254150390625,53.18514633178711,0.7990270853042603
174,MetaDrive-Tut-20Env-v0,195,305.0653053681091,176005,830,899.4164831638336,51.25115203857422,-51.04610824584961,38.646995544433594,0.83,51.62572479248047,51.505287170410156,0.7213802933692932
175,MetaDrive-Tut-20Env-v0,195,307.198864578309,177054,833,904.5118780136108,53.92376708984375,,7.256699562072754,0.84,53.504058837890625,53.34508514404297,0.7999879121780396
176,MetaDrive-Tut-20Env-v0,195,307.345370020024,178362,836,911.0930516719818,51.94953536987305,,7.333124160766602,0.84,51.579734802246094,51.560447692871094,0.7051188945770264
177,MetaDrive-Tut-20Env-v0,195,305.54520503640293,179094,838,914.563467502594,52.07088088989258,,10.94393539428711,0.84,51.544105529785156,52.03977966308594,0.7485305070877075
178,MetaDrive-Tut-20Env-v0,195,298.3400097567426,180293,844,919.9785759449005,53.086769104003906,-53.59410095214844,5.871801376342773,0.83,53.43104934692383,53.33955001831055,0.7825444340705872
179,MetaDrive-Tut-20Env-v0,196,296.23100962761237,181346,847,924.9477458000183,52.023685455322266,,12.734016418457031,0.83,51.86595916748047,52.420677185058594,0.7181321382522583
180,MetaDrive-Tut-20Env-v0,196,290.99585190968264,182032,850,928.3520221710205,50.866859436035156,,20.559268951416016,0.81,51.57899475097656,50.92222595214844,0.7070192098617554
181,MetaDrive-Tut-20Env-v0,196,290.88037679891613,183423,853,935.0542027950287,54.82200622558594,-55.55792236328125,8.456555366516113,0.81,55.026817321777344,54.74143981933594,0.8087908029556274
182,MetaDrive-Tut-20Env-v0,196,290.88825196529257,184249,855,939.6180138587952,52.382598876953125,-53.89873504638672,29.81473159790039,0.8,53.20294952392578,52.57889938354492,0.7677006125450134
183,MetaDrive-Tut-20Env-v0,195,291.9372406152268,185326,858,945.609338760376,51.48574447631836,,14.888172149658203,0.78,50.998291015625,50.83900833129883,0.7118110060691833
184,MetaDrive-Tut-20Env-v0,195,290.49477285740176,186340,861,950.8430585861206,52.31271743774414,,10.995104789733887,0.78,52.434608459472656,52.50651550292969,0.8276131749153137
185,MetaDrive-Tut-20Env-v0,195,289.9051651920134,187524,864,957.0524911880493,51.71982192993164,,10.936412811279297,0.77,52.25345230102539,52.25274658203125,0.7887378931045532
186,MetaDrive-Tut-20Env-v0,195,290.7180837994878,188032,865,959.7321507930756,52.46125793457031,,9.050077438354492,0.77,52.03717803955078,52.71968078613281,0.7227018475532532
187,MetaDrive-Tut-20Env-v0,196,290.2893772210625,189033,866,963.9295456409454,55.24785614013672,-55.34022521972656,14.126766204833984,0.76,54.91509246826172,55.19340515136719,0.7702437043190002
188,MetaDrive-Tut-20Env-v0,196,291.0681043604107,190389,869,970.7084314823151,53.54431915283203,-53.967018127441406,16.463882446289062,0.76,53.89484405517578,53.81487274169922,0.7435086369514465
189,MetaDrive-Tut-20Env-v0,195,292.96725407642066,191176,871,975.7226383686066,53.18796157836914,,10.440553665161133,0.75,53.5290412902832,53.055213928222656,0.7700728178024292
190,MetaDrive-Tut-20Env-v0,196,294.63587925688455,192347,874,981.3232171535492,53.610145568847656,-54.813629150390625,12.214555740356445,0.76,53.44465637207031,52.39463806152344,0.817355751991272
191,MetaDrive-Tut-20Env-v0,196,294.5470951884796,193043,876,984.7064056396484,51.98818588256836,-52.60995864868164,16.550384521484375,0.76,51.6812858581543,51.28554916381836,0.8112853765487671
192,MetaDrive-Tut-20Env-v0,195,293.14889351956236,194066,879,990.29660987854,52.49110412597656,,9.00223445892334,0.76,52.57212829589844,52.486541748046875,0.7652484178543091
193,MetaDrive-Tut-20Env-v0,196,289.7108446633782,195882,884,998.3249113559723,54.32822799682617,,7.280893325805664,0.74,54.8192138671875,54.319366455078125,0.7494133710861206
194,MetaDrive-Tut-20Env-v0,196,291.75385007849496,196114,885,999.4010486602783,51.43309020996094,,18.159555435180664,0.75,51.5204963684082,50.88651657104492,0.7412452101707458
195,MetaDrive-Tut-20Env-v0,196,287.5722162720048,197052,888,1003.9014728069305,54.77362823486328,,20.935546875,0.74,54.69496154785156,54.96046447753906,0.7097477912902832
196,MetaDrive-Tut-20Env-v0,196,286.3161434860386,198374,892,1010.5828285217285,52.98055648803711,,12.651151657104492,0.73,52.371376037597656,52.701812744140625,0.8131399154663086
197,MetaDrive-Tut-20Env-v0,196,283.35368691702115,199084,894,1014.160295009613,54.1690673828125,,34.60059356689453,0.72,54.58313751220703,54.7896614074707,0.8315373659133911
198,MetaDrive-Tut-20Env-v0,196,284.53061419730545,200106,896,1019.550137758255,51.53401184082031,,36.893714904785156,0.72,50.713134765625,50.74642562866211,0.7611884474754333
199,MetaDrive-Tut-20Env-v0,196,285.353771787904,201187,899,1024.7015972137451,52.00592041015625,-52.658203125,9.134867668151855,0.72,52.378639221191406,52.063541412353516,0.7821184396743774
200,MetaDrive-Tut-20Env-v0,196,284.7078484542197,202107,902,1028.8493385314941,51.33007049560547,-51.66159439086914,15.145505905151367,0.73,51.06298828125,51.069278717041016,0.7249428033828735
201,MetaDrive-Tut-20Env-v0,196,282.8424546874225,203173,906,1033.8226115703583,52.321815490722656,-53.099082946777344,25.438121795654297,0.73,51.79249572753906,51.320255279541016,0.7076227068901062
202,MetaDrive-Tut-20Env-v0,196,281.8261783413721,204119,909,1038.9522802829742,52.63901901245117,-52.82079315185547,10.240205764770508,0.72,53.03047180175781,53.21044921875,0.7926356792449951
203,MetaDrive-Tut-20Env-v0,196,282.6771250168862,205232,912,1044.4099533557892,51.718040466308594,,10.954815864562988,0.72,51.30661392211914,51.04401397705078,0.7346768379211426
204,MetaDrive-Tut-20Env-v0,196,283.6860563838144,206374,915,1050.5152487754822,52.173431396484375,,16.306907653808594,0.72,51.340084075927734,51.45747756958008,0.8167297840118408
205,MetaDrive-Tut-20Env-v0,196,282.46742596487564,207276,918,1054.6563081741333,51.828468322753906,,39.00342559814453,0.72,52.4236946105957,52.74205780029297,0.8871806263923645
206,MetaDrive-Tut-20Env-v0,196,284.74869667479396,208230,920,1059.4087796211243,53.90175247192383,,5.6836018562316895,0.73,53.657997131347656,53.428916931152344,0.7719210386276245
207,MetaDrive-Tut-20Env-v0,196,289.26281831409534,209434,922,1065.7881643772125,53.122989654541016,,16.914201736450195,0.73,53.06888961791992,52.60879135131836,0.7645764350891113
208,MetaDrive-Tut-20Env-v0,196,288.4912463848707,210187,924,1069.44455909729,52.98539352416992,-53.807716369628906,8.320892333984375,0.73,52.9456787109375,52.56423568725586,0.750639021396637
209,MetaDrive-Tut-20Env-v0,196,290.98694879176753,211255,926,1075.1049826145172,51.72831726074219,-52.47779846191406,13.523576736450195,0.73,52.04753112792969,51.955322265625,0.7956923246383667
210,MetaDrive-Tut-20Env-v0,196,289.76889754084254,212089,930,1078.9048590660095,52.71857452392578,-52.63520812988281,5.619978904724121,0.73,52.68220901489258,53.06401443481445,0.7348418235778809
211,MetaDrive-Tut-20Env-v0,196,291.1341795447924,213452,933,1085.6842665672302,52.79150390625,,8.800710678100586,0.73,51.90270233154297,52.499324798583984,0.848572313785553
212,MetaDrive-Tut-20Env-v0,196,292.27067122934767,214361,935,1090.3325219154358,52.4515380859375,-53.136993408203125,9.487661361694336,0.73,52.97570037841797,52.716835021972656,0.8640938997268677
213,MetaDrive-Tut-20Env-v0,196,293.73752466126155,215494,937,1096.8003056049347,52.164947509765625,,9.282752990722656,0.73,52.11235046386719,51.92146301269531,0.8383632302284241
214,MetaDrive-Tut-20Env-v0,196,297.0521036070681,216407,939,1102.1557140350342,53.54833221435547,-53.51676940917969,8.558765411376953,0.73,54.157493591308594,54.037620544433594,0.7894942760467529
215,MetaDrive-Tut-20Env-v0,196,298.4152893077443,217025,941,1105.4135789871216,51.49237060546875,-51.541526794433594,37.6246223449707,0.73,51.405303955078125,51.47252655029297,0.7634444236755371
216,MetaDrive-Tut-20Env-v0,196,305.85789570273323,218482,944,1113.4235391616821,52.63386154174805,,9.57366943359375,0.75,53.22394943237305,53.26936721801758,0.787416934967041
217,MetaDrive-Tut-20Env-v0,196,307.5870118335966,219454,946,1118.5268952846527,50.575294494628906,,9.250421524047852,0.75,50.9253044128418,51.29817199707031,0.8088912963867188
218,MetaDrive-Tut-20Env-v0,196,309.7602635756981,220052,947,1122.0513443946838,53.21162414550781,,10.298727035522461,0.75,52.54750061035156,52.77280044555664,0.7747352123260498
219,MetaDrive-Tut-20Env-v0,196,314.111406267294,221024,949,1127.290699481964,51.68244171142578,,6.076753616333008,0.76,52.167564392089844,51.644222259521484,0.7477964758872986
220,MetaDrive-Tut-20Env-v0,195,317.110502907308,222116,951,1133.654453754425,50.43855667114258,,18.988462448120117,0.77,50.97924041748047,50.66584777832031,0.7677763104438782
221,MetaDrive-Tut-20Env-v0,195,316.37402801585193,223013,953,1138.2216429710388,51.802330017089844,-52.17164611816406,6.638039588928223,0.77,51.89031219482422,51.46878433227539,0.8324258327484131
222,MetaDrive-Tut-20Env-v0,195,318.6223792959063,224070,955,1143.985288143158,53.248130798339844,,6.543206214904785,0.78,53.26170349121094,53.153656005859375,0.756877601146698
223,MetaDrive-Tut-20Env-v0,195,319.4595056891204,225313,958,1150.2334027290344,53.73694610595703,-54.96381378173828,13.68380355834961,0.8,54.37422561645508,54.104820251464844,0.7723350524902344
224,MetaDrive-Tut-20Env-v0,195,320.62663566799296,226435,961,1155.6647973060608,52.32643127441406,-52.82414627075195,11.1093168258667,0.81,52.133724212646484,52.25971603393555,0.7862470746040344
225,MetaDrive-Tut-20Env-v0,195,321.7182254014956,227161,963,1159.3933336734772,52.1129035949707,-53.15489196777344,12.771320343017578,0.81,52.682369232177734,52.540855407714844,0.8135263323783875
226,MetaDrive-Tut-20Env-v0,195,321.85351396572827,228563,966,1166.5789301395416,50.08976364135742,-50.87779235839844,7.159767150878906,0.82,49.91339874267578,49.981788635253906,0.7844141721725464
227,MetaDrive-Tut-20Env-v0,195,320.7300238455466,229311,968,1170.0665867328644,52.417823791503906,-53.311767578125,12.147211074829102,0.82,53.124961853027344,53.13026428222656,0.8126474022865295
228,MetaDrive-Tut-20Env-v0,195,318.32134861801524,230225,970,1174.6859958171844,50.522064208984375,-51.5123291015625,8.312824249267578,0.81,50.15201950073242,50.00375747680664,0.815277099609375
229,MetaDrive-Tut-20Env-v0,196,318.03027777965343,231015,972,1178.5485196113586,49.72407913208008,-50.39558029174805,9.031152725219727,0.82,49.74076843261719,49.40107727050781,0.7746667861938477
230,MetaDrive-Tut-20Env-v0,196,319.02964601164297,232356,975,1185.0579211711884,53.02155685424805,,7.3600568771362305,0.82,52.463653564453125,53.17017364501953,0.7908139228820801
231,MetaDrive-Tut-20Env-v0,195,321.98695762325906,233282,977,1190.2891762256622,54.12519836425781,,11.428131103515625,0.83,55.33077621459961,55.80480194091797,0.8060693740844727
232,MetaDrive-Tut-20Env-v0,195,320.53262623314686,234456,980,1196.5698008537292,53.247562408447266,,7.432447910308838,0.82,52.48509979248047,52.652923583984375,0.7863925695419312
233,MetaDrive-Tut-20Env-v0,195,327.64418308042536,235568,982,1202.5228712558746,52.374595642089844,,7.249058723449707,0.84,51.53607177734375,51.882408142089844,0.8667071461677551
234,MetaDrive-Tut-20Env-v0,195,329.81422821568077,236173,983,1205.9436690807343,51.277442932128906,-51.34571075439453,6.043534278869629,0.84,50.969581604003906,51.00752258300781,0.8224467039108276
235,MetaDrive-Tut-20Env-v0,195,331.86644003545507,237063,985,1210.3947417736053,52.31581115722656,-52.35786437988281,7.388247489929199,0.85,51.93303680419922,52.44147491455078,0.7684807181358337
236,MetaDrive-Tut-20Env-v0,195,332.87519631452255,238151,988,1216.03107047081,52.77342224121094,-53.363426208496094,13.845246315002441,0.85,51.72781753540039,51.506866455078125,0.7313857078552246
237,MetaDrive-Tut-20Env-v0,195,334.5872357410498,239392,991,1222.3936660289764,51.935264587402344,,14.374269485473633,0.86,52.292205810546875,52.37333679199219,0.7401214241981506
238,MetaDrive-Tut-20Env-v0,195,334.09831554717204,240200,993,1226.6147153377533,52.921714782714844,,13.694100379943848,0.86,52.96590042114258,53.05596160888672,0.8668107986450195
239,MetaDrive-Tut-20Env-v0,195,335.3704101591736,241209,995,1231.5229907035828,52.334625244140625,-52.631309509277344,11.244890213012695,0.87,52.17433547973633,52.004554748535156,0.8287246227264404
240,MetaDrive-Tut-20Env-v0,195,333.58604506569327,242053,998,1235.4964077472687,51.86315155029297,-52.3682861328125,8.275529861450195,0.86,52.20486068725586,52.46316146850586,0.7571767568588257
241,MetaDrive-Tut-20Env-v0,195,335.3393354982407,243311,1000,1241.7864265441895,54.083343505859375,-54.42658996582031,12.705131530761719,0.86,54.24150466918945,54.226016998291016,0.7432277202606201
242,MetaDrive-Tut-20Env-v0,195,336.5630717268135,244192,1002,1245.88223695755,53.74082565307617,,6.954071521759033,0.86,53.72791290283203,53.403419494628906,0.8747282028198242
243,MetaDrive-Tut-20Env-v0,196,340.64537157938116,245576,1005,1252.9200241565704,52.06536865234375,,9.782474517822266,0.87,51.678733825683594,51.39347457885742,0.7998225092887878
244,MetaDrive-Tut-20Env-v0,195,338.56298156809424,246260,1007,1256.4366447925568,52.346317291259766,,8.99604320526123,0.86,53.15738296508789,53.437965393066406,0.7894307971000671
245,MetaDrive-Tut-20Env-v0,195,342.41257146480393,247082,1009,1260.6490814685822,53.16564178466797,,10.197698593139648,0.88,52.5807991027832,52.185367584228516,0.8160682916641235
246,MetaDrive-Tut-20Env-v0,195,342.91515649261055,248064,1011,1265.8442733287811,52.67757034301758,,9.053741455078125,0.88,51.86433410644531,52.1122932434082,0.8453043699264526
247,MetaDrive-Tut-20Env-v0,195,346.23603566011184,249274,1014,1271.8225679397583,52.197113037109375,,7.643205642700195,0.9,52.15056610107422,51.562660217285156,0.9084822535514832
248,MetaDrive-Tut-20Env-v0,196,345.09704695684457,250026,1016,1275.294237613678,51.1551513671875,,11.633902549743652,0.91,51.251258850097656,50.77062225341797,0.8314353227615356
249,MetaDrive-Tut-20Env-v0,196,347.2288890214815,251084,1018,1280.7460587024689,51.88368225097656,,25.935592651367188,0.91,52.232173919677734,52.12211227416992,0.7536522150039673
250,MetaDrive-Tut-20Env-v0,196,344.29720531957764,252387,1021,1286.8812050819397,51.78541564941406,-52.347190856933594,12.156782150268555,0.91,50.495731353759766,49.99217987060547,0.793154239654541
251,MetaDrive-Tut-20Env-v0,196,342.7341804421838,253165,1023,1290.8515276908875,52.55226516723633,-53.761619567871094,12.646690368652344,0.91,53.729469299316406,53.83782196044922,0.7615757584571838
252,MetaDrive-Tut-20Env-v0,196,343.111973925513,254077,1025,1296.125245809555,52.860626220703125,-53.62207794189453,10.846094131469727,0.91,52.489013671875,52.46526336669922,0.7465962171554565
253,MetaDrive-Tut-20Env-v0,195,345.6224693870658,255291,1028,1303.0901429653168,48.780887603759766,-50.01384735107422,8.804963111877441,0.92,49.795230865478516,49.299468994140625,0.7647024393081665
254,MetaDrive-Tut-20Env-v0,195,349.82328036264965,256282,1030,1309.0617535114288,52.01818084716797,,14.235488891601562,0.93,53.00624084472656,52.72758483886719,0.8148921132087708
255,MetaDrive-Tut-20Env-v0,195,347.45611939149273,257305,1033,1314.6070487499237,51.81982421875,-51.911502838134766,5.470130443572998,0.92,51.59331130981445,51.58403778076172,0.8051533699035645
256,MetaDrive-Tut-20Env-v0,195,347.0646479071799,258171,1035,1319.131488084793,50.16074752807617,-50.69194412231445,8.698667526245117,0.92,50.72433853149414,50.934261322021484,0.73626708984375
257,MetaDrive-Tut-20Env-v0,195,342.51916533795526,259279,1038,1324.9824669361115,51.025447845458984,-51.86310577392578,8.602640151977539,0.91,51.718040466308594,51.293983459472656,0.7805461883544922
258,MetaDrive-Tut-20Env-v0,195,343.4040875213286,260209,1040,1329.7772963047028,52.02593231201172,-51.511322021484375,6.958890914916992,0.92,51.959686279296875,52.309783935546875,0.8234352469444275
259,MetaDrive-Tut-20Env-v0,195,338.9253647383549,261225,1043,1334.9891374111176,51.51945114135742,-51.951480865478516,10.600092887878418,0.91,52.005435943603516,51.748626708984375,0.7986192107200623
260,MetaDrive-Tut-20Env-v0,195,338.572534045627,262218,1045,1339.9781606197357,51.66333770751953,,13.620365142822266,0.91,51.632568359375,51.378334045410156,0.7978119850158691
261,MetaDrive-Tut-20Env-v0,195,336.83888087437344,263212,1047,1345.1656296253204,53.45041275024414,,6.398088455200195,0.91,54.15708923339844,53.71955108642578,0.7954176664352417
262,MetaDrive-Tut-20Env-v0,195,334.69785426429456,264132,1049,1350.2351105213165,53.26258850097656,,9.473440170288086,0.9,53.10307312011719,53.35249328613281,0.8197866678237915
263,MetaDrive-Tut-20Env-v0,195,333.7032643597437,265168,1051,1357.3396456241608,52.5232048034668,,6.947477340698242,0.9,52.12002182006836,51.84772491455078,0.7892528772354126
264,MetaDrive-Tut-20Env-v0,195,332.77712034652535,266548,1054,1365.4784860610962,53.61972427368164,,9.527227401733398,0.9,53.55998229980469,54.14601516723633,0.8074162602424622
265,MetaDrive-Tut-20Env-v0,195,332.06955074013496,267073,1055,1368.5471577644348,53.261451721191406,-53.492271423339844,8.198720932006836,0.9,52.241641998291016,52.727378845214844,0.8082723021507263
266,MetaDrive-Tut-20Env-v0,195,331.56987747611527,268005,1057,1374.0277886390686,51.597042083740234,-52.54051208496094,25.761537551879883,0.9,51.641536712646484,51.75654602050781,0.7770003080368042
267,MetaDrive-Tut-20Env-v0,194,332.12478912839345,269117,1060,1380.336466550827,51.692989349365234,-51.96569061279297,8.75309944152832,0.89,51.78242492675781,52.20341110229492,0.8492792844772339
268,MetaDrive-Tut-20Env-v0,194,336.2783501237068,270336,1062,1387.8669965267181,52.13151931762695,,8.928546905517578,0.9,51.00236892700195,51.824310302734375,0.931955873966217
269,MetaDrive-Tut-20Env-v0,194,336.75061787348704,271193,1064,1392.3729510307312,51.22908020019531,-51.96038055419922,9.672609329223633,0.9,50.82904815673828,50.840484619140625,0.7998623847961426
270,MetaDrive-Tut-20Env-v0,194,334.46997727694196,272118,1066,1397.1180922985077,52.80529022216797,,19.035852432250977,0.9,53.176204681396484,53.24485778808594,0.7771087884902954
271,MetaDrive-Tut-20Env-v0,194,330.9926719819968,273233,1070,1402.8808295726776,53.13227081298828,-53.344139099121094,7.858723163604736,0.89,52.252784729003906,52.36017608642578,0.7920972108840942
272,MetaDrive-Tut-20Env-v0,194,329.326333896904,274300,1073,1408.1338896751404,51.813629150390625,,17.08379364013672,0.89,53.22980880737305,52.804054260253906,0.7632588148117065
273,MetaDrive-Tut-20Env-v0,194,330.020842721054,275155,1075,1412.6988635063171,52.221275329589844,-52.71925354003906,31.931705474853516,0.88,52.62730407714844,52.45024871826172,0.7754932045936584
274,MetaDrive-Tut-20Env-v0,194,327.65476249137066,276438,1079,1419.2554864883423,50.75470733642578,,8.555107116699219,0.88,50.65027618408203,51.68888854980469,0.7793661952018738
275,MetaDrive-Tut-20Env-v0,194,327.22679310844995,277049,1080,1422.360191822052,50.78220748901367,-51.024940490722656,27.437606811523438,0.88,51.71028137207031,51.57709884643555,0.7523202896118164
276,MetaDrive-Tut-20Env-v0,194,323.68314477995534,278291,1083,1428.4325351715088,51.674644470214844,-51.30876922607422,10.87194538116455,0.88,52.020057678222656,51.732696533203125,0.7520145177841187
277,MetaDrive-Tut-20Env-v0,194,322.56021898900036,279018,1085,1431.8279316425323,53.55659866333008,,5.404468536376953,0.88,53.76119613647461,53.55446243286133,0.8886362314224243
278,MetaDrive-Tut-20Env-v0,194,324.0506434493603,280153,1088,1437.4145467281342,50.89848327636719,-51.419227600097656,9.13953685760498,0.89,50.48124313354492,50.68622589111328,0.8061679601669312
279,MetaDrive-Tut-20Env-v0,194,323.4393067654827,281298,1090,1443.0008187294006,51.062957763671875,,9.331334114074707,0.89,51.6096305847168,51.53752899169922,0.7647466063499451
280,MetaDrive-Tut-20Env-v0,194,325.459803629789,282487,1092,1449.0118489265442,50.794036865234375,-51.23119354248047,9.535837173461914,0.89,49.7833251953125,49.518218994140625,0.7709054946899414
281,MetaDrive-Tut-20Env-v0,194,320.93040103657336,283033,1094,1451.7674207687378,53.16127395629883,-53.360595703125,9.194778442382812,0.88,52.76142120361328,53.297122955322266,0.8174490928649902
282,MetaDrive-Tut-20Env-v0,194,324.746348883195,284527,1097,1459.3186807632446,50.985267639160156,-50.96824645996094,8.129322052001953,0.89,49.903045654296875,50.74669647216797,0.7606513500213623
283,MetaDrive-Tut-20Env-v0,194,321.7980486687509,285103,1099,1462.282687664032,52.306121826171875,-53.00415802001953,6.612645626068115,0.88,52.427146911621094,52.63493347167969,0.7660750150680542
284,MetaDrive-Tut-20Env-v0,194,320.9800129458044,286152,1101,1468.3011231422424,50.05113220214844,,15.12037181854248,0.88,49.11192321777344,49.55147171020508,0.7064135074615479
285,MetaDrive-Tut-20Env-v0,194,321.05615219308874,287251,1104,1473.8385360240936,52.00550842285156,-52.467491149902344,12.799290657043457,0.88,52.00336456298828,51.15234375,0.7891496419906616
286,MetaDrive-Tut-20Env-v0,194,320.3918491796313,288578,1107,1480.595373392105,50.636112213134766,,6.701546669006348,0.89,50.92525100708008,51.16727828979492,0.7933522462844849
287,MetaDrive-Tut-20Env-v0,195,317.9085090344984,289834,1109,1486.142217874527,49.88391876220703,,9.669158935546875,0.87,49.142547607421875,49.59961700439453,0.7615153789520264
288,MetaDrive-Tut-20Env-v0,194,318.0653998493429,290400,1110,1490.0244488716125,50.68548583984375,,6.177270889282227,0.87,50.211307525634766,50.48081588745117,0.7498166561126709
289,MetaDrive-Tut-20Env-v0,194,320.3479640344342,291335,1112,1495.5018727779388,51.31735610961914,-51.57883834838867,7.818409442901611,0.87,51.40587615966797,51.612037658691406,0.8077170252799988
290,MetaDrive-Tut-20Env-v0,194,320.5174673430248,292205,1114,1499.9889085292816,50.413909912109375,-51.328453063964844,7.436941146850586,0.87,51.04596710205078,50.450931549072266,0.7322463989257812
291,MetaDrive-Tut-20Env-v0,194,322.51772002149295,293231,1116,1505.8647611141205,50.28871154785156,-49.68065643310547,10.05289077758789,0.87,49.8295783996582,50.169700622558594,0.7814258933067322
292,MetaDrive-Tut-20Env-v0,194,320.5502564302133,294130,1118,1510.3424818515778,49.612266540527344,,16.997318267822266,0.87,49.56673812866211,49.73735809326172,0.7239501476287842
293,MetaDrive-Tut-20Env-v0,194,322.77871917547475,295134,1120,1515.9617145061493,50.1644287109375,,15.012702941894531,0.87,49.49659729003906,49.590293884277344,0.761472225189209
294,MetaDrive-Tut-20Env-v0,194,323.19511895103665,296376,1123,1522.86794090271,47.97809982299805,,8.158965110778809,0.87,48.75117492675781,48.38618469238281,0.7839440107345581
295,MetaDrive-Tut-20Env-v0,194,324.17214092517634,297507,1125,1530.0575866699219,49.89185333251953,-49.7437858581543,10.747503280639648,0.87,50.26732635498047,50.96049880981445,0.7570094466209412
296,MetaDrive-Tut-20Env-v0,194,323.54830417457435,298458,1127,1535.2634944915771,50.03356170654297,,16.24870491027832,0.87,50.41556167602539,50.29016876220703,0.8512182235717773
297,MetaDrive-Tut-20Env-v0,194,325.0927461656231,299556,1129,1542.990139722824,49.793670654296875,,10.704261779785156,0.87,49.644134521484375,49.456695556640625,0.7782292366027832
298,MetaDrive-Tut-20Env-v0,194,327.37011906364944,300127,1130,1547.0232429504395,50.74529266357422,-51.15009307861328,13.040443420410156,0.87,50.84126281738281,51.2509765625,0.8298378586769104
299,MetaDrive-Tut-20Env-v0,193,331.71664280869015,301249,1132,1553.9835350513458,50.028602600097656,-50.83799362182617,11.299240112304688,0.88,50.554351806640625,50.42683410644531,0.7512096762657166
300,MetaDrive-Tut-20Env-v0,193,333.1193747423182,302370,1134,1560.4570708274841,50.099449157714844,,12.321819305419922,0.88,50.0825080871582,49.874267578125,0.8080486059188843
301,MetaDrive-Tut-20Env-v0,193,331.8100655333543,303215,1137,1564.7877917289734,48.61195755004883,-48.863914489746094,9.953361511230469,0.88,48.56132888793945,48.568809509277344,0.7390892505645752
302,MetaDrive-Tut-20Env-v0,193,330.0689185866488,304216,1138,1569.9306528568268,49.94196319580078,,9.316168785095215,0.87,50.11797332763672,50.189918518066406,0.7994464635848999
303,MetaDrive-Tut-20Env-v0,193,326.51227691582375,305306,1140,1575.454349040985,49.90610122680664,,7.467244625091553,0.85,49.88153076171875,49.859046936035156,0.7825644612312317
304,MetaDrive-Tut-20Env-v0,193,327.3032624357041,306006,1142,1579.4049501419067,48.447086334228516,,16.476360321044922,0.85,48.28718566894531,47.59147644042969,0.7461708188056946
305,MetaDrive-Tut-20Env-v0,193,327.6277115962862,307017,1144,1585.3499131202698,47.944862365722656,-48.55137252807617,15.935664176940918,0.85,48.43941879272461,48.19249725341797,0.8066247701644897
306,MetaDrive-Tut-20Env-v0,193,329.46703787952356,308171,1146,1591.7724542617798,50.250465393066406,-51.10607147216797,23.74334716796875,0.85,49.6463623046875,49.327735900878906,0.6880099773406982
307,MetaDrive-Tut-20Env-v0,193,331.10613070086487,309118,1148,1597.670634508133,49.30976867675781,,29.423828125,0.86,49.55052947998047,49.08161926269531,0.7290970087051392
308,MetaDrive-Tut-20Env-v0,193,325.76486079848195,310203,1151,1603.1013774871826,49.26071548461914,-49.477256774902344,10.131664276123047,0.85,49.22989273071289,49.26307678222656,0.8620429635047913
309,MetaDrive-Tut-20Env-v0,193,327.01295011079526,311104,1153,1608.2206325531006,48.96533203125,,14.464859008789062,0.85,48.73291015625,48.709861755371094,0.7837890982627869
310,MetaDrive-Tut-20Env-v0,193,326.02690992089475,312200,1155,1614.5024552345276,46.685890197753906,,52.82542419433594,0.85,46.5165901184082,47.40990447998047,0.6889100074768066
311,MetaDrive-Tut-20Env-v0,193,326.7014621065035,313162,1157,1620.4713745117188,49.4661750793457,,4.443574905395508,0.85,49.518192291259766,49.69769287109375,0.716877281665802
312,MetaDrive-Tut-20Env-v0,193,328.83563405947854,314744,1160,1629.5247039794922,48.74831771850586,,9.463120460510254,0.86,48.876502990722656,49.585025787353516,0.7451946139335632
313,MetaDrive-Tut-20Env-v0,193,327.74225733935685,315219,1161,1632.5774228572845,48.4677734375,-49.0417366027832,11.574641227722168,0.86,49.353111267089844,48.98390197753906,0.7563325762748718
314,MetaDrive-Tut-20Env-v0,192,328.6559353121637,316331,1163,1640.1077592372894,50.0157585144043,-49.56977462768555,14.88072395324707,0.86,49.1386833190918,48.8963623046875,0.7699509859085083
315,MetaDrive-Tut-20Env-v0,192,327.3596024717985,317280,1165,1645.6208264827728,49.725608825683594,,12.08192253112793,0.86,50.097747802734375,50.26971435546875,0.6874053478240967
316,MetaDrive-Tut-20Env-v0,192,330.8148558518954,318320,1167,1651.4721612930298,49.8072395324707,,20.41077995300293,0.87,50.42597198486328,49.95588302612305,0.721652626991272
317,MetaDrive-Tut-20Env-v0,192,331.74372914343877,319202,1169,1657.0754277706146,47.51307678222656,,15.629659652709961,0.86,46.995182037353516,47.05303955078125,0.719225287437439
318,MetaDrive-Tut-20Env-v0,192,335.0307981500368,320325,1171,1663.705658197403,47.84828186035156,-47.756141662597656,7.42570161819458,0.86,47.66725158691406,47.42966079711914,0.8097481727600098
319,MetaDrive-Tut-20Env-v0,192,336.2333395647977,321439,1174,1670.562866449356,47.27811813354492,-47.798797607421875,6.624513626098633,0.86,47.429588317871094,47.72300338745117,0.738692581653595
320,MetaDrive-Tut-20Env-v0,192,334.285968259598,322266,1176,1675.5469131469727,49.35655212402344,,18.773681640625,0.85,49.625919342041016,49.4058837890625,0.7610130310058594
321,MetaDrive-Tut-20Env-v0,192,336.45271048159236,323023,1178,1679.7166216373444,47.840415954589844,-48.807456970214844,6.765484809875488,0.86,48.46804428100586,47.807518005371094,0.8216837644577026
322,MetaDrive-Tut-20Env-v0,192,335.91284651161334,324436,1181,1688.9181454181671,48.017578125,,6.205705642700195,0.85,47.86180114746094,48.08311462402344,0.7662098407745361
323,MetaDrive-Tut-20Env-v0,192,333.7747681043547,325326,1184,1693.8558819293976,45.59292221069336,,46.19414138793945,0.84,45.57697677612305,45.79328918457031,0.6841076612472534
324,MetaDrive-Tut-20Env-v0,191,332.88823360291457,326044,1186,1698.2373132705688,47.01713562011719,,9.57772445678711,0.83,46.503517150878906,46.42562484741211,0.7458313703536987
325,MetaDrive-Tut-20Env-v0,191,330.6558848008156,327078,1189,1703.8876366615295,45.42035675048828,,6.80959415435791,0.81,45.64502716064453,45.55921173095703,0.6853654384613037
326,MetaDrive-Tut-20Env-v0,191,332.2685419110066,328135,1191,1710.148687362671,48.084320068359375,-47.939727783203125,7.349640369415283,0.81,47.40433120727539,47.60491943359375,0.8180543184280396
327,MetaDrive-Tut-20Env-v0,191,334.2185375733188,329125,1193,1715.7851068973541,47.178871154785156,-47.04295349121094,6.772536277770996,0.82,47.24653625488281,47.12641143798828,0.7448338270187378
328,MetaDrive-Tut-20Env-v0,191,336.35450887606976,330124,1195,1721.9459054470062,46.32334518432617,,7.2786149978637695,0.82,47.049163818359375,46.687095642089844,0.7856302857398987
329,MetaDrive-Tut-20Env-v0,191,338.28246638480135,331366,1198,1728.5567600727081,48.11810302734375,,16.83514404296875,0.83,47.737510681152344,47.63043975830078,0.7352677583694458
330,MetaDrive-Tut-20Env-v0,191,337.76898473750697,332300,1200,1734.1257259845734,46.23945617675781,,28.995948791503906,0.82,45.928340911865234,46.24518966674805,0.8144258856773376
331,MetaDrive-Tut-20Env-v0,191,337.77396212669095,333213,1202,1739.2312686443329,50.182430267333984,-50.16400909423828,6.382213592529297,0.82,49.797340393066406,49.952491760253906,0.8237389326095581
332,MetaDrive-Tut-20Env-v0,191,337.14712284553457,334305,1205,1745.8067581653595,46.70933532714844,-47.28340530395508,10.14120864868164,0.81,47.123497009277344,46.94273376464844,0.7828207015991211
333,MetaDrive-Tut-20Env-v0,191,335.37930822495974,335464,1209,1752.1288628578186,46.77216339111328,,5.762024402618408,0.81,46.91782760620117,46.882484436035156,0.8034679889678955
334,MetaDrive-Tut-20Env-v0,191,335.7012426698756,336537,1211,1758.901596546173,49.403785705566406,-49.80377960205078,8.305779457092285,0.81,49.9867057800293,49.483482360839844,0.7519378066062927
335,MetaDrive-Tut-20Env-v0,191,334.8171256869889,337152,1212,1762.513561964035,47.19636154174805,,7.833839416503906,0.81,47.09891891479492,47.10048294067383,0.7207962870597839
336,MetaDrive-Tut-20Env-v0,191,335.6841707402944,338213,1214,1768.6834661960602,45.400978088378906,-45.93922424316406,9.532458305358887,0.81,45.53223419189453,45.052825927734375,0.7708245515823364
337,MetaDrive-Tut-20Env-v0,191,331.987479655221,339498,1218,1776.0046288967133,45.30121994018555,,13.431953430175781,0.79,44.392295837402344,44.729591369628906,0.7750720977783203
338,MetaDrive-Tut-20Env-v0,191,330.64404376799195,340310,1220,1780.7430186271667,47.57788848876953,,12.883581161499023,0.79,46.695457458496094,46.61146926879883,0.7424700856208801
339,MetaDrive-Tut-20Env-v0,191,327.62217967434896,341238,1223,1786.5737807750702,49.32013702392578,,8.754788398742676,0.78,49.47794723510742,49.613773345947266,0.742689847946167
340,MetaDrive-Tut-20Env-v0,190,325.68662630783206,342038,1225,1791.6173186302185,47.208213806152344,,6.748335838317871,0.77,47.38938522338867,47.82616424560547,0.8539665341377258
341,MetaDrive-Tut-20Env-v0,190,324.050272295,343340,1228,1799.4509642124176,48.0937385559082,,7.464472770690918,0.77,47.705406188964844,47.79142761230469,0.7487952709197998
342,MetaDrive-Tut-20Env-v0,190,320.89371210644583,344316,1230,1805.4352884292603,46.707725524902344,,16.148380279541016,0.77,46.497596740722656,46.513389587402344,0.7517213225364685
343,MetaDrive-Tut-20Env-v0,190,319.55124441771954,345491,1232,1812.7399809360504,47.56745147705078,-48.40186309814453,25.754863739013672,0.77,47.34369659423828,47.17755126953125,0.7658178210258484
344,MetaDrive-Tut-20Env-v0,190,319.3233931860909,346540,1234,1819.352004289627,46.52887725830078,,5.869338035583496,0.77,46.733421325683594,46.52002716064453,0.7806740999221802
345,MetaDrive-Tut-20Env-v0,190,321.53607507446543,347081,1235,1822.1945219039917,48.484596252441406,-48.579280853271484,7.905251979827881,0.78,48.201438903808594,48.03684616088867,0.81643146276474
346,MetaDrive-Tut-20Env-v0,190,322.98880675121484,348150,1237,1828.4240400791168,46.45848846435547,,11.523585319519043,0.78,46.931312561035156,47.038780212402344,0.7738430500030518
347,MetaDrive-Tut-20Env-v0,190,323.3582864479072,349259,1241,1834.2474126815796,47.185752868652344,-47.904457092285156,11.658733367919922,0.8,46.09025573730469,45.74837875366211,0.7796721458435059
348,MetaDrive-Tut-20Env-v0,190,326.36720751317233,350780,1243,1843.2921586036682,46.251792907714844,,8.228568077087402,0.8,45.911277770996094,46.211509704589844,0.7055709362030029
349,MetaDrive-Tut-20Env-v0,190,325.42482677628806,351117,1244,1844.881292104721,48.04112243652344,-48.547271728515625,9.244823455810547,0.8,48.41307830810547,48.01411056518555,0.8036054372787476
350,MetaDrive-Tut-20Env-v0,190,323.36382627856693,352030,1246,1849.2388908863068,47.211727142333984,,6.317638397216797,0.8,46.87690353393555,46.944915771484375,0.7297354936599731
351,MetaDrive-Tut-20Env-v0,190,322.37834724806305,353229,1248,1855.434005022049,46.40081787109375,-47.129886627197266,7.62432861328125,0.8,46.4439697265625,46.116424560546875,0.7665591239929199
352,MetaDrive-Tut-20Env-v0,190,326.047303442535,354683,1250,1863.1456546783447,46.99415588378906,-47.371559143066406,9.497175216674805,0.8,47.20698547363281,47.069122314453125,0.7833805680274963
353,MetaDrive-Tut-20Env-v0,190,324.6559467875618,355405,1252,1866.8809161186218,46.5909423828125,-47.180030822753906,27.040607452392578,0.79,47.51496505737305,46.4741096496582,0.6626913547515869
354,MetaDrive-Tut-20Env-v0,190,318.8556471174037,356627,1255,1872.6609666347504,47.9278564453125,-48.136871337890625,16.176742553710938,0.78,47.73261260986328,47.6656608581543,0.7775467038154602
355,MetaDrive-Tut-20Env-v0,190,318.98876776574286,357409,1256,1876.6218311786652,46.13426208496094,-46.515525817871094,13.365950584411621,0.78,46.69873046875,46.42182159423828,0.7952374219894409
356,MetaDrive-Tut-20Env-v0,190,318.1506657149342,358265,1258,1881.3569419384003,48.49449157714844,-49.35139846801758,6.955558776855469,0.78,48.3486328125,49.00263977050781,0.7501260042190552
357,MetaDrive-Tut-20Env-v0,190,316.1540710465021,359258,1260,1886.3818781375885,48.31111145019531,,6.34424352645874,0.78,48.478336334228516,48.31858444213867,0.8046941757202148
358,MetaDrive-Tut-20Env-v0,190,309.8374837555241,360553,1263,1892.6057045459747,46.396270751953125,-47.163856506347656,6.877493858337402,0.77,46.42487335205078,45.71747589111328,0.7305626273155212
359,MetaDrive-Tut-20Env-v0,190,311.2072373226964,361180,1264,1896.285190820694,46.784210205078125,,6.688919544219971,0.77,46.986976623535156,47.10204315185547,0.868820309638977
360,MetaDrive-Tut-20Env-v0,190,310.7532075887207,362204,1266,1902.1450605392456,45.88130187988281,,8.989173889160156,0.77,46.44110107421875,46.149940490722656,0.7346088886260986
361,MetaDrive-Tut-20Env-v0,190,311.4083266112548,363050,1268,1906.3608152866364,47.60175323486328,,11.102387428283691,0.78,46.90441131591797,47.208919525146484,0.7279440760612488
362,MetaDrive-Tut-20Env-v0,190,308.9942255284097,364109,1270,1912.0458166599274,47.89947509765625,-48.00890350341797,5.769967079162598,0.78,48.556968688964844,48.031639099121094,0.7583355903625488
363,MetaDrive-Tut-20Env-v0,190,309.8430474495797,365312,1273,1918.818538427353,46.565757751464844,,7.435525894165039,0.8,46.40370178222656,46.78318405151367,0.7498086094856262
364,MetaDrive-Tut-20Env-v0,190,312.9173571964202,366511,1275,1926.0866122245789,46.66628646850586,-46.80717086791992,9.649055480957031,0.81,45.77339172363281,46.464942932128906,0.7806962728500366
365,MetaDrive-Tut-20Env-v0,190,313.18137597798324,367410,1277,1931.4634580612183,45.42292785644531,,24.0821590423584,0.81,45.631629943847656,45.86762619018555,0.7024287581443787
366,MetaDrive-Tut-20Env-v0,190,314.0025786363983,368057,1278,1935.0531830787659,48.528602600097656,-49.08951187133789,8.4446439743042,0.81,48.054344177246094,47.85918426513672,0.7643434405326843
367,MetaDrive-Tut-20Env-v0,190,310.62904928085766,369164,1281,1941.269651889801,45.14454650878906,,8.690476417541504,0.81,45.18101119995117,45.334510803222656,0.6723446249961853
368,MetaDrive-Tut-20Env-v0,190,313.49847020317884,370410,1284,1948.2798566818237,46.99590301513672,,19.40261459350586,0.81,46.85614776611328,47.27861022949219,0.8345023393630981
369,MetaDrive-Tut-20Env-v0,190,315.63226963057383,371371,1286,1953.5064101219177,48.444828033447266,-49.158973693847656,10.39276123046875,0.82,48.515113830566406,48.05242919921875,0.8209192752838135
370,MetaDrive-Tut-20Env-v0,190,317.7270433535707,372292,1288,1958.4468710422516,46.97686767578125,,7.550332546234131,0.83,47.33787536621094,47.571372985839844,0.7707897424697876
371,MetaDrive-Tut-20Env-v0,190,316.14301385453905,373172,1290,1963.2983124256134,46.818458557128906,,13.590239524841309,0.83,47.02293395996094,46.82124328613281,0.6848772764205933
372,MetaDrive-Tut-20Env-v0,190,316.3881908069852,374207,1292,1969.3960075378418,49.160179138183594,-48.988861083984375,9.22698974609375,0.83,48.49028778076172,48.54877471923828,0.7577219009399414
373,MetaDrive-Tut-20Env-v0,189,317.2716829166897,375199,1294,1975.513644695282,49.20417022705078,-48.650386810302734,6.200843334197998,0.83,49.09009552001953,49.43018341064453,0.773423969745636
374,MetaDrive-Tut-20Env-v0,189,317.76037041952435,376268,1296,1982.6173858642578,48.871543884277344,,7.993054389953613,0.82,48.748233795166016,48.576194763183594,0.762101411819458
375,MetaDrive-Tut-20Env-v0,189,318.7033805218612,377459,1298,1989.3252885341644,49.13813018798828,-49.374629974365234,6.338899612426758,0.82,49.34615707397461,49.09471130371094,0.7564190626144409
376,MetaDrive-Tut-20Env-v0,189,319.657837697876,378071,1299,1993.6135375499725,49.24870300292969,-50.29203796386719,26.146869659423828,0.82,50.086727142333984,49.38117980957031,0.7900080680847168
377,MetaDrive-Tut-20Env-v0,189,319.1686466710479,379422,1302,2001.0163428783417,47.69917678833008,,9.955207824707031,0.83,47.94001770019531,47.730125427246094,0.786386251449585
378,MetaDrive-Tut-20Env-v0,189,321.377663544188,380271,1304,2005.3632969856262,49.413482666015625,-49.99406433105469,8.256827354431152,0.84,49.55451965332031,49.16999816894531,0.8031889796257019
379,MetaDrive-Tut-20Env-v0,189,323.77768116550794,381468,1306,2012.2384271621704,48.72681427001953,,4.890514850616455,0.85,48.70659255981445,48.63147735595703,0.7772926688194275
380,MetaDrive-Tut-20Env-v0,189,321.01112579595,382139,1309,2015.8453090190887,48.107154846191406,-48.44374084472656,4.552565574645996,0.84,48.377506256103516,48.15325164794922,0.7750929594039917
381,MetaDrive-Tut-20Env-v0,189,316.86087616925084,383414,1312,2022.207090139389,48.72216033935547,,6.787755012512207,0.84,48.767601013183594,49.08702087402344,0.762799859046936
382,MetaDrive-Tut-20Env-v0,189,316.85513835362696,384015,1313,2025.7577097415924,48.81536102294922,-48.48031997680664,10.3986177444458,0.84,48.35590362548828,48.716426849365234,0.72618567943573
383,MetaDrive-Tut-20Env-v0,189,317.872989705351,385024,1315,2031.9895362854004,48.22906494140625,,9.185041427612305,0.84,49.10539245605469,48.208465576171875,0.7117887139320374
384,MetaDrive-Tut-20Env-v0,189,323.78373087709065,386206,1317,2039.4727461338043,49.8618049621582,,11.603738784790039,0.86,49.36637496948242,49.908817291259766,0.7363756895065308
385,MetaDrive-Tut-20Env-v0,189,323.69743213621814,387133,1319,2044.9803051948547,49.19232177734375,-49.60889434814453,9.070075988769531,0.86,49.85427474975586,50.0035400390625,0.7278485298156738
386,MetaDrive-Tut-20Env-v0,189,323.7178236860646,388175,1321,2051.033094406128,48.34547424316406,-48.99740219116211,4.834660530090332,0.86,48.49860382080078,48.66670227050781,0.7437790036201477
387,MetaDrive-Tut-20Env-v0,189,327.91999077878586,389137,1323,2056.786532640457,50.03339767456055,-50.615867614746094,12.932601928710938,0.87,49.534034729003906,49.411766052246094,0.7472295761108398
388,MetaDrive-Tut-20Env-v0,189,329.543677914652,390283,1325,2063.6840693950653,47.38152313232422,-46.96177291870117,10.539994239807129,0.88,47.147098541259766,47.26849365234375,0.8070673942565918
389,MetaDrive-Tut-20Env-v0,189,329.35516797401635,391065,1327,2067.9716427326202,49.35823440551758,-48.88319396972656,9.710912704467773,0.88,48.54609680175781,49.2539176940918,0.7107599973678589
390,MetaDrive-Tut-20Env-v0,188,327.9494971128399,392315,1330,2075.8889508247375,47.72631072998047,-47.519065856933594,8.236212730407715,0.87,47.0328483581543,47.44110870361328,0.7353739142417908
391,MetaDrive-Tut-20Env-v0,188,323.5777168184333,393373,1333,2081.7841622829437,47.971492767333984,-48.721092224121094,8.111801147460938,0.86,47.820716857910156,47.5649299621582,0.7433182597160339
392,MetaDrive-Tut-20Env-v0,188,324.5606161198323,394012,1334,2085.881513118744,48.761390686035156,,10.383647918701172,0.86,48.42987823486328,48.412296295166016,0.7965803146362305
393,MetaDrive-Tut-20Env-v0,188,325.69058051483455,395564,1337,2094.2636802196503,44.81385803222656,,9.365707397460938,0.86,44.963863372802734,45.20185852050781,0.7053778171539307
394,MetaDrive-Tut-20Env-v0,188,328.79231484285793,396103,1338,2097.1396284103394,45.50642013549805,-45.97186279296875,12.629971504211426,0.87,46.46513366699219,46.44272994995117,0.7893047332763672
395,MetaDrive-Tut-20Env-v0,188,331.9638020677102,397246,1340,2103.1301596164703,47.659507751464844,,7.087202072143555,0.88,48.09395217895508,47.76298904418945,0.79500412940979
396,MetaDrive-Tut-20Env-v0,188,331.3508175489086,398246,1342,2108.3111732006073,47.80149459838867,,11.752229690551758,0.88,48.57320022583008,48.47235870361328,0.7575517296791077
397,MetaDrive-Tut-20Env-v0,188,330.41456718772116,399108,1344,2112.9413845539093,46.490875244140625,,8.068387985229492,0.87,46.76011657714844,46.80083465576172,0.7338228225708008
398,MetaDrive-Tut-20Env-v0,188,332.8990570374665,400156,1346,2119.122356414795,48.86544418334961,,36.510719299316406,0.87,48.53861999511719,48.58378601074219,0.7628709673881531
399,MetaDrive-Tut-20Env-v0,188,332.0449303241008,401618,1349,2127.765622615814,48.7095832824707,,7.280750751495361,0.87,48.854339599609375,48.783775329589844,0.7403420209884644
400,MetaDrive-Tut-20Env-v0,188,331.38572912939094,402233,1351,2131.006097793579,49.016754150390625,-49.60062026977539,5.697883605957031,0.88,48.90232849121094,48.80632019042969,0.7921285629272461
401,MetaDrive-Tut-20Env-v0,188,334.8100314199761,403252,1353,2136.277614593506,49.294944763183594,,9.039871215820312,0.89,49.40046691894531,48.99214172363281,0.729307234287262
402,MetaDrive-Tut-20Env-v0,188,337.66339741228626,404321,1355,2142.398438692093,47.634220123291016,-47.920814514160156,9.713224411010742,0.89,48.214561462402344,48.163265228271484,0.7790647745132446
403,MetaDrive-Tut-20Env-v0,188,340.8713093104663,405498,1357,2149.152202606201,47.3753776550293,,7.257096290588379,0.89,47.00263977050781,46.802268981933594,0.783798098564148
404,MetaDrive-Tut-20Env-v0,188,339.38212100482554,406502,1359,2154.144323348999,48.59718322753906,,6.983301162719727,0.89,48.436248779296875,48.80655288696289,0.7666162252426147
405,MetaDrive-Tut-20Env-v0,188,343.94351884394206,407529,1361,2159.7911491394043,48.593631744384766,-49.08135223388672,6.589919090270996,0.9,48.88484573364258,48.804344177246094,0.7553571462631226
406,MetaDrive-Tut-20Env-v0,188,344.6820794687999,408093,1362,2162.923389196396,47.313232421875,-47.826683044433594,6.751550197601318,0.9,47.16300964355469,47.300315856933594,0.7619735598564148
407,MetaDrive-Tut-20Env-v0,188,346.7099138657684,409178,1364,2169.745736837387,47.257080078125,,13.166147232055664,0.9,46.616355895996094,47.23345184326172,0.7371881604194641
408,MetaDrive-Tut-20Env-v0,188,346.1311742999153,410002,1366,2174.3273527622223,46.389671325683594,,7.677761077880859,0.9,47.25746154785156,46.50469970703125,0.8169970512390137
409,MetaDrive-Tut-20Env-v0,188,348.9816641823579,411576,1369,2184.5346128940582,45.918392181396484,,7.387808322906494,0.9,46.137088775634766,45.94437789916992,0.7632051706314087
410,MetaDrive-Tut-20Env-v0,188,349.61662785667613,412120,1370,2188.356656551361,49.02391815185547,,7.047516345977783,0.9,49.571292877197266,48.968666076660156,0.7218371033668518
411,MetaDrive-Tut-20Env-v0,188,353.50659326423005,413391,1372,2196.2834074497223,48.044517517089844,-48.502647399902344,7.489911079406738,0.9,47.12163162231445,47.49519348144531,0.7867718935012817
412,MetaDrive-Tut-20Env-v0,188,351.5416386375049,414197,1374,2200.5202798843384,49.180824279785156,-48.518157958984375,5.077600479125977,0.9,48.48370361328125,48.990333557128906,0.8123427629470825
413,MetaDrive-Tut-20Env-v0,188,351.52186949763944,415321,1376,2206.821870326996,47.673255920410156,-47.91105651855469,8.01378059387207,0.9,47.56959533691406,47.08415222167969,0.7393071055412292
414,MetaDrive-Tut-20Env-v0,188,351.1475705879519,416169,1379,2211.232476711273,47.967491149902344,-49.32605743408203,11.445808410644531,0.89,48.12800598144531,48.23533630371094,0.7431268692016602
415,MetaDrive-Tut-20Env-v0,188,350.8732552968597,417587,1382,2219.2918066978455,45.537330627441406,-45.88457489013672,12.099960327148438,0.89,44.59183120727539,44.92524337768555,0.7485054731369019
416,MetaDrive-Tut-20Env-v0,188,352.84955047860547,418598,1384,2224.6404824256897,46.53407287597656,,17.673599243164062,0.9,46.71678924560547,46.90599060058594,0.7273383736610413
417,MetaDrive-Tut-20Env-v0,188,353.1275684662677,419075,1385,2227.2575166225433,48.51462173461914,-48.598052978515625,9.202325820922852,0.9,48.853206634521484,48.51763916015625,0.7664238214492798
418,MetaDrive-Tut-20Env-v0,188,351.6422423112872,420461,1388,2233.95037484169,48.30939483642578,-49.12559509277344,7.904577732086182,0.9,48.5776252746582,48.37603759765625,0.7705658674240112
419,MetaDrive-Tut-20Env-v0,188,354.7232894844099,421078,1389,2237.645765542984,48.03928756713867,,8.245843887329102,0.91,48.23345184326172,48.28118133544922,0.7164403200149536
420,MetaDrive-Tut-20Env-v0,188,353.0447660920041,422102,1391,2244.0056867599487,46.90380859375,,12.023927688598633,0.91,46.748046875,46.62676239013672,0.7035617828369141
421,MetaDrive-Tut-20Env-v0,188,348.0365754656721,423483,1395,2251.5377368927,46.95709228515625,-47.22346496582031,7.734823226928711,0.9,47.264774322509766,46.586181640625,0.7269713282585144
422,MetaDrive-Tut-20Env-v0,188,346.46913376767,424153,1397,2254.927670478821,47.058738708496094,-47.77784729003906,13.041512489318848,0.91,46.51714324951172,47.43571472167969,0.7144303321838379
423,MetaDrive-Tut-20Env-v0,188,345.5107974939272,425177,1399,2260.825902700424,48.010047912597656,-48.07459259033203,8.516027450561523,0.91,48.21372985839844,48.26396560668945,0.6713051795959473
424,MetaDrive-Tut-20Env-v0,188,346.6184273647855,426088,1401,2265.937801361084,48.687416076660156,,13.021711349487305,0.91,48.912288665771484,48.570030212402344,0.7143747806549072
425,MetaDrive-Tut-20Env-v0,188,346.54494104189143,427089,1403,2271.2540068626404,49.733253479003906,-49.5496940612793,4.338249683380127,0.91,49.54070281982422,50.09809875488281,0.7819935083389282
426,MetaDrive-Tut-20Env-v0,188,344.7980581612877,428021,1405,2276.0631201267242,47.823951721191406,-47.82985305786133,32.60417938232422,0.91,49.14574432373047,48.5388298034668,0.753517746925354
427,MetaDrive-Tut-20Env-v0,188,347.9492742338232,429071,1407,2282.024481534958,48.358375549316406,-49.43174743652344,17.63711929321289,0.92,49.067604064941406,48.19609832763672,0.7273489236831665
428,MetaDrive-Tut-20Env-v0,188,347.16244524667206,430032,1411,2286.4581723213196,46.67697525024414,,8.183045387268066,0.91,46.2465934753418,45.911800384521484,0.7604673504829407
429,MetaDrive-Tut-20Env-v0,188,346.5345322058698,431099,1413,2292.151794195175,48.410125732421875,-48.89231872558594,14.184022903442383,0.91,48.3623161315918,47.51935958862305,0.7900073528289795
430,MetaDrive-Tut-20Env-v0,188,346.14028375578766,432402,1415,2298.7495403289795,45.295509338378906,,6.369558334350586,0.91,46.10343933105469,45.476131439208984,0.7321861982345581
431,MetaDrive-Tut-20Env-v0,188,345.1857147884613,433032,1416,2302.235550403595,48.59754943847656,,33.422119140625,0.91,48.4224739074707,48.832313537597656,0.785279393196106
432,MetaDrive-Tut-20Env-v0,188,345.08507141794195,434505,1419,2310.515424966812,47.360904693603516,-47.50386047363281,21.7194766998291,0.9,47.62959289550781,47.86901092529297,0.7112987637519836
433,MetaDrive-Tut-20Env-v0,188,344.33395170441605,435486,1421,2315.421331882477,46.86533737182617,,8.330770492553711,0.9,46.80280685424805,47.709442138671875,0.7705889940261841
434,MetaDrive-Tut-20Env-v0,188,345.07044319919544,436108,1422,2318.9203877449036,48.13090896606445,,8.635910034179688,0.9,47.81588363647461,47.561492919921875,0.740488588809967
435,MetaDrive-Tut-20Env-v0,188,342.3177984621349,437385,1425,2325.2643988132477,47.98059844970703,-48.5,9.993072509765625,0.89,48.71979904174805,48.43232727050781,0.7804840803146362
436,MetaDrive-Tut-20Env-v0,188,338.73329084904464,438580,1428,2330.797113418579,47.52092742919922,,10.978878021240234,0.88,47.4681396484375,47.31629943847656,0.7416573166847229
437,MetaDrive-Tut-20Env-v0,188,342.1112891893702,439175,1429,2334.012631893158,48.12389373779297,-48.57316589355469,5.86203145980835,0.89,48.546199798583984,48.60410690307617,0.7329859733581543
438,MetaDrive-Tut-20Env-v0,188,344.74627565185176,440314,1432,2339.6611013412476,46.17529296875,,7.557141304016113,0.89,46.08576202392578,46.19227600097656,0.7555205821990967
439,MetaDrive-Tut-20Env-v0,188,343.3904573504826,441318,1434,2345.344821691513,45.19636535644531,,6.265676498413086,0.89,45.93657684326172,45.856056213378906,0.7448968887329102
440,MetaDrive-Tut-20Env-v0,188,344.95296656351684,442409,1436,2351.2204382419586,46.02280807495117,-46.2186279296875,5.436258792877197,0.89,46.18687438964844,45.837364196777344,0.7170076370239258
441,MetaDrive-Tut-20Env-v0,188,342.51747854831956,443309,1438,2355.087709903717,47.002288818359375,-46.570640563964844,10.09560489654541,0.89,47.02531433105469,47.334678649902344,0.7221679091453552
442,MetaDrive-Tut-20Env-v0,188,342.8619785793508,444407,1440,2361.089893579483,47.550689697265625,-47.5637321472168,7.69951868057251,0.89,47.26832962036133,47.18342971801758,0.7357085943222046
443,MetaDrive-Tut-20Env-v0,188,343.5776695101082,445004,1441,2365.0784118175507,47.17873764038086,,6.44875431060791,0.89,47.417823791503906,47.45267868041992,0.7899078130722046
444,MetaDrive-Tut-20Env-v0,188,340.9384664439192,446362,1445,2372.630867958069,45.71308135986328,,7.50455904006958,0.89,45.78464126586914,45.82643127441406,0.7312679290771484
445,MetaDrive-Tut-20Env-v0,188,342.030620326942,447303,1447,2377.9699058532715,44.996131896972656,-45.83134460449219,10.885236740112305,0.89,44.557594299316406,44.814849853515625,0.7239347100257874
446,MetaDrive-Tut-20Env-v0,188,342.9591114417857,448659,1450,2385.8454282283783,46.504581451416016,-46.04372024536133,6.765501499176025,0.89,46.35144805908203,46.25767517089844,0.775589108467102
447,MetaDrive-Tut-20Env-v0,187,345.2636368885832,449207,1451,2389.6642124652863,46.535400390625,-46.85301208496094,8.083009719848633,0.89,46.418479919433594,46.47378158569336,0.7676107883453369
448,MetaDrive-Tut-20Env-v0,187,341.62294532304276,450201,1454,2394.9198763370514,45.4344367980957,-46.195701599121094,17.81865119934082,0.88,45.898284912109375,45.02250671386719,0.819459855556488
449,MetaDrive-Tut-20Env-v0,187,340.2032667088744,451055,1456,2399.8177678585052,48.82553482055664,-48.792198181152344,5.819784164428711,0.88,48.93457794189453,49.084564208984375,0.7219067811965942
450,MetaDrive-Tut-20Env-v0,187,341.30626777799773,452469,1459,2408.4532215595245,50.327369689941406,-50.009803771972656,12.234801292419434,0.88,50.47288513183594,51.06349563598633,0.7776753902435303
451,MetaDrive-Tut-20Env-v0,187,341.52471117341383,453535,1461,2414.817966938019,46.181034088134766,-46.506202697753906,10.768425941467285,0.88,46.83213806152344,45.890079498291016,0.7824246883392334
452,MetaDrive-Tut-20Env-v0,187,342.81910674244233,454183,1462,2418.9186778068542,46.011138916015625,-46.40138626098633,12.014013290405273,0.88,46.27203369140625,46.153900146484375,0.8137322664260864
453,MetaDrive-Tut-20Env-v0,187,341.2072784649241,455302,1464,2425.1978096961975,45.598793029785156,,7.920426368713379,0.88,46.5970458984375,46.3568229675293,0.787704348564148
454,MetaDrive-Tut-20Env-v0,187,341.377218391487,456099,1466,2429.7968096733093,47.655662536621094,-47.61262512207031,8.704130172729492,0.87,47.99128723144531,48.274993896484375,0.8579893708229065
455,MetaDrive-Tut-20Env-v0,187,340.6165749419556,457198,1468,2435.471832513809,46.88446044921875,,12.470122337341309,0.87,47.63227844238281,47.06604766845703,0.7613400816917419
456,MetaDrive-Tut-20Env-v0,187,338.6945386964593,458126,1470,2440.5006244182587,45.79998016357422,,12.315248489379883,0.87,45.71458435058594,46.36583709716797,0.7985077500343323
457,MetaDrive-Tut-20Env-v0,187,337.55682990778723,459198,1472,2446.6700477600098,46.619873046875,,11.293416976928711,0.87,46.72575378417969,46.79627227783203,0.7205651998519897
458,MetaDrive-Tut-20Env-v0,187,337.2197810847206,460544,1475,2454.805158853531,46.800697326660156,,7.640230655670166,0.87,47.013389587402344,47.464942932128906,0.7839893698692322
459,MetaDrive-Tut-20Env-v0,187,338.7739831027761,461513,1477,2460.13041305542,44.242916107177734,-44.84752655029297,8.813735961914062,0.88,44.069950103759766,44.27565002441406,0.7967184782028198
460,MetaDrive-Tut-20Env-v0,187,340.5162219881254,462105,1478,2463.7741487026215,44.06964874267578,-44.39402770996094,11.125408172607422,0.89,42.21559143066406,42.889976501464844,0.7742992043495178
461,MetaDrive-Tut-20Env-v0,187,342.098127846954,463188,1480,2470.6570887565613,45.22498321533203,,10.300848007202148,0.89,45.612831115722656,45.07926559448242,0.7067428827285767
462,MetaDrive-Tut-20Env-v0,187,342.8888897110204,464178,1482,2476.435304880142,44.50422286987305,,15.65374755859375,0.89,43.541629791259766,43.88336181640625,0.7710978388786316
463,MetaDrive-Tut-20Env-v0,187,344.83787594528826,465267,1484,2483.225563764572,45.81990051269531,-45.38486862182617,34.48795700073242,0.89,44.72761917114258,45.067832946777344,0.7430838346481323
464,MetaDrive-Tut-20Env-v0,187,346.3002377707118,466455,1486,2490.1765508651733,48.074180603027344,-48.135398864746094,11.62750244140625,0.89,47.27684020996094,47.93108367919922,0.7382953763008118
465,MetaDrive-Tut-20Env-v0,187,347.77470101922546,467529,1488,2496.4956381320953,47.70299530029297,-48.155765533447266,6.286902904510498,0.89,47.98160171508789,48.02354431152344,0.7426968812942505
466,MetaDrive-Tut-20Env-v0,187,348.94877057553634,468127,1489,2500.0910682678223,46.92822265625,-47.57062530517578,6.774296760559082,0.89,47.169002532958984,46.83257293701172,0.7294568419456482
467,MetaDrive-Tut-20Env-v0,187,350.7647136474314,469602,1492,2509.8129036426544,46.812782287597656,,12.063255310058594,0.89,46.38368225097656,46.257972717285156,0.7535905838012695
468,MetaDrive-Tut-20Env-v0,187,353.93460346141984,470065,1493,2512.5002086162567,45.110958099365234,-45.661399841308594,6.63602352142334,0.9,45.192691802978516,44.882423400878906,0.7351981401443481
469,MetaDrive-Tut-20Env-v0,187,354.09693023909495,471408,1496,2520.838474750519,45.403099060058594,,8.396905899047852,0.9,45.67889404296875,44.657440185546875,0.7212131023406982
470,MetaDrive-Tut-20Env-v0,187,351.3162314069577,472454,1499,2526.3186497688293,45.962615966796875,,8.355596542358398,0.89,46.29988479614258,45.940120697021484,0.7288151383399963
471,MetaDrive-Tut-20Env-v0,187,349.9466308814157,473230,1501,2530.3914706707,47.27134704589844,,12.858640670776367,0.89,46.93003845214844,47.09921646118164,0.7592216730117798
472,MetaDrive-Tut-20Env-v0,186,350.3360322604229,474440,1504,2537.5433123111725,47.1701774597168,,11.008745193481445,0.89,47.04822540283203,46.52570724487305,0.7603088617324829
473,MetaDrive-Tut-20Env-v0,186,351.30709822607014,475171,1505,2541.5434119701385,47.447486877441406,-47.56782531738281,12.41622543334961,0.89,47.388824462890625,47.81407928466797,0.8007228374481201
474,MetaDrive-Tut-20Env-v0,186,349.000312272135,476197,1508,2547.0174431800842,45.61198806762695,-46.210914611816406,5.473489761352539,0.89,45.59069061279297,45.494293212890625,0.7405596971511841
475,MetaDrive-Tut-20Env-v0,186,354.50203009029474,477257,1510,2553.0760843753815,45.48643112182617,-45.74384307861328,8.162333488464355,0.9,45.89350128173828,45.82516860961914,0.7747941613197327
476,MetaDrive-Tut-20Env-v0,186,357.2251466695754,478336,1512,2559.537945508957,47.863037109375,,7.336251258850098,0.91,47.644126892089844,47.801021575927734,0.7937536239624023
477,MetaDrive-Tut-20Env-v0,186,356.10561210064554,479196,1514,2564.2862713336945,46.25062942504883,,7.607034683227539,0.91,47.02661895751953,46.34422302246094,0.841948390007019
478,MetaDrive-Tut-20Env-v0,186,353.9845737632399,480228,1516,2570.1693046092987,44.80239486694336,,4.998166084289551,0.91,44.64350509643555,44.5954704284668,0.6877597570419312
479,MetaDrive-Tut-20Env-v0,186,352.62645870488427,481539,1519,2577.670886993408,47.12242126464844,-47.640052795410156,7.907896041870117,0.92,46.0010871887207,46.073001861572266,0.7648817300796509
480,MetaDrive-Tut-20Env-v0,186,353.1217113330084,482378,1521,2582.658510684967,44.57986831665039,,31.595693588256836,0.92,44.86002731323242,44.74790954589844,0.7270973920822144
481,MetaDrive-Tut-20Env-v0,186,351.25595773566863,483183,1523,2587.3407769203186,46.20353698730469,-46.220855712890625,12.247135162353516,0.92,46.46455001831055,46.22552490234375,0.80500328540802
482,MetaDrive-Tut-20Env-v0,186,348.3995998456999,484065,1526,2592.034452676773,43.75588607788086,-44.675872802734375,8.900398254394531,0.91,43.970550537109375,43.029930114746094,0.7926807999610901
483,MetaDrive-Tut-20Env-v0,186,351.9707160588186,485028,1528,2597.910322189331,44.683311462402344,,9.856412887573242,0.92,44.23617172241211,44.53164291381836,0.7759040594100952
484,MetaDrive-Tut-20Env-v0,186,351.4753307930036,486367,1531,2605.8532407283783,46.15284729003906,-47.083770751953125,7.905365943908691,0.92,46.67045593261719,45.92132568359375,0.725630521774292
485,MetaDrive-Tut-20Env-v0,186,351.5525267314462,487174,1533,2610.2461903095245,47.13311767578125,,6.927586555480957,0.91,46.72516632080078,46.68677520751953,0.7656624913215637
486,MetaDrive-Tut-20Env-v0,186,348.4002413394449,488145,1535,2615.2167637348175,45.408817291259766,-45.011512756347656,21.62266731262207,0.91,45.745697021484375,45.56790542602539,0.7451062798500061
487,MetaDrive-Tut-20Env-v0,186,350.3804398135227,489232,1537,2621.818286180496,44.678314208984375,,8.663089752197266,0.91,44.276058197021484,44.495208740234375,0.8139641284942627
488,MetaDrive-Tut-20Env-v0,186,349.8650872103814,490479,1540,2629.8445031642914,45.6678581237793,-46.46388244628906,6.156942367553711,0.9,45.742889404296875,45.91279602050781,0.6746572256088257
489,MetaDrive-Tut-20Env-v0,186,348.69195912849614,491100,1541,2633.292585849762,46.083717346191406,,7.199493408203125,0.9,46.42893981933594,46.36049270629883,0.7994682788848877
490,MetaDrive-Tut-20Env-v0,186,351.5938390336937,492620,1544,2641.804086446762,46.031471252441406,,19.74393081665039,0.91,45.371421813964844,45.95116424560547,0.7379522323608398
491,MetaDrive-Tut-20Env-v0,186,352.8956727848578,493184,1545,2645.057995080948,46.511329650878906,,8.08280086517334,0.91,46.7401008605957,46.0913200378418,0.8346596956253052
492,MetaDrive-Tut-20Env-v0,186,351.67554034086993,494066,1547,2649.897441625595,46.541316986083984,,5.065225601196289,0.91,47.028709411621094,46.639984130859375,0.7412645816802979
493,MetaDrive-Tut-20Env-v0,186,354.3044537909908,495087,1549,2655.5892519950867,47.45921325683594,-47.697975158691406,9.254424095153809,0.92,47.898231506347656,48.02342987060547,0.7647767066955566
494,MetaDrive-Tut-20Env-v0,186,351.16367484925945,496543,1552,2663.543676137924,45.19078826904297,-45.76469039916992,7.542263031005859,0.92,45.76873779296875,45.53396987915039,0.7725955247879028
495,MetaDrive-Tut-20Env-v0,186,353.496073006712,497337,1554,2667.5354282855988,46.32490921020508,-46.88440704345703,5.372913837432861,0.93,46.14677810668945,46.000282287597656,0.8067626953125
496,MetaDrive-Tut-20Env-v0,186,355.1823615661345,498388,1556,2673.5580699443817,45.05603790283203,,6.152322769165039,0.93,44.754302978515625,44.87942886352539,0.7343412637710571
497,MetaDrive-Tut-20Env-v0,186,355.84871639720143,499227,1558,2678.5602118968964,45.715850830078125,-46.4146614074707,5.646716594696045,0.92,45.485260009765625,45.93552780151367,0.8580247759819031
